Date,Location,Rainfall_mm,WaterLevel_m,SoilMoisture_pct,Elevation_m,FloodOccurrence,Year
2019-01-01,Quezon City,15.1,0.5,10.0,43,0,2019
2019-01-01,Marikina,9.1,1.4,5.0,15,0,2019
2019-01-01,Manila,12.3,1.5,14.7,5,0,2019
2019-01-01,Pasig,9.8,2.4,21.4,5,0,2019
2019-01-02,Quezon City,13.0,0.7,19.0,43,0,2019
2019-01-02,Marikina,3.8,0.7,10.0,15,0,2019
2019-01-02,Manila,7.7,0.8,16.3,5,0,2019
2019-01-02,Pasig,8.5,0.5,18.9,5,0,2019
2019-01-03,Quezon City,5.5,2.7,12.8,43,0,2019
2019-01-03,Marikina,19.7,2.0,25.3,15,0,2019
2019-01-03,Manila,4.7,2.6,16.5,5,0,2019
2019-01-03,Pasig,1.5,0.5,14.4,5,0,2019
2019-01-04,Quezon City,18.8,2.1,21.5,43,0,2019
2019-01-04,Marikina,4.6,0.5,8.3,15,0,2019
2019-01-04,Manila,22.6,3.3,22.1,5,0,2019
2019-01-04,Pasig,2.8,0.5,5.0,5,0,2019
2019-01-05,Quezon City,5.3,1.6,16.2,43,0,2019
2019-01-05,Marikina,10.1,3.0,5.8,15,0,2019
2019-01-05,Manila,14.8,2.8,21.2,5,0,2019
2019-01-05,Pasig,6.6,0.5,14.2,5,0,2019
2019-01-06,Quezon City,16.6,1.5,18.3,43,0,2019
2019-01-06,Marikina,13.8,1.7,12.8,15,0,2019
2019-01-06,Manila,10.6,0.5,17.2,5,0,2019
2019-01-06,Pasig,10.0,1.1,23.8,5,0,2019
2019-01-07,Quezon City,3.7,0.5,12.9,43,0,2019
2019-01-07,Marikina,14.0,2.3,15.6,15,0,2019
2019-01-07,Manila,15.6,1.8,25.0,5,0,2019
2019-01-07,Pasig,7.9,1.2,6.8,5,0,2019
2019-01-08,Quezon City,5.2,0.5,14.0,43,0,2019
2019-01-08,Marikina,14.3,0.5,16.3,15,0,2019
2019-01-08,Manila,6.7,0.5,15.0,5,0,2019
2019-01-08,Pasig,5.0,0.5,17.4,5,0,2019
2019-01-09,Quezon City,8.1,4.4,10.5,43,0,2019
2019-01-09,Marikina,12.6,0.9,14.9,15,0,2019
2019-01-09,Manila,16.1,1.9,15.5,5,0,2019
2019-01-09,Pasig,12.1,1.6,20.7,5,0,2019
2019-01-10,Quezon City,3.6,1.3,16.1,43,0,2019
2019-01-10,Marikina,18.6,2.2,22.8,15,0,2019
2019-01-10,Manila,7.0,0.5,20.4,5,0,2019
2019-01-10,Pasig,6.1,0.9,12.7,5,0,2019
2019-01-11,Quezon City,9.0,1.0,5.0,43,0,2019
2019-01-11,Marikina,6.1,0.9,5.0,15,0,2019
2019-01-11,Manila,5.7,1.2,13.7,5,0,2019
2019-01-11,Pasig,10.6,1.9,11.6,5,0,2019
2019-01-12,Quezon City,17.5,2.4,17.3,43,0,2019
2019-01-12,Marikina,9.4,0.5,13.8,15,0,2019
2019-01-12,Manila,14.0,2.6,22.4,5,0,2019
2019-01-12,Pasig,5.3,0.5,11.8,5,0,2019
2019-01-13,Quezon City,3.1,0.5,5.0,43,0,2019
2019-01-13,Marikina,9.6,2.0,10.1,15,0,2019
2019-01-13,Manila,10.5,2.3,13.0,5,0,2019
2019-01-13,Pasig,6.3,0.5,11.3,5,0,2019
2019-01-14,Quezon City,8.7,1.7,17.2,43,0,2019
2019-01-14,Marikina,18.1,2.7,18.9,15,0,2019
2019-01-14,Manila,12.6,3.1,19.6,5,0,2019
2019-01-14,Pasig,15.8,0.5,8.3,5,0,2019
2019-01-15,Quezon City,5.7,0.5,17.2,43,0,2019
2019-01-15,Marikina,21.0,1.1,17.2,15,0,2019
2019-01-15,Manila,7.2,2.3,20.8,5,0,2019
2019-01-15,Pasig,7.5,0.5,6.3,5,0,2019
2019-01-16,Quezon City,9.4,3.3,11.5,43,0,2019
2019-01-16,Marikina,26.5,2.8,14.5,15,0,2019
2019-01-16,Manila,13.2,1.5,11.2,5,0,2019
2019-01-16,Pasig,8.4,0.5,14.0,5,0,2019
2019-01-17,Quezon City,10.7,0.5,16.1,43,0,2019
2019-01-17,Marikina,28.9,2.6,27.9,15,0,2019
2019-01-17,Manila,9.6,2.2,14.6,5,0,2019
2019-01-17,Pasig,5.2,1.0,17.4,5,0,2019
2019-01-18,Quezon City,10.0,1.4,16.7,43,0,2019
2019-01-18,Marikina,3.1,0.5,5.0,15,0,2019
2019-01-18,Manila,6.3,0.5,15.2,5,0,2019
2019-01-18,Pasig,28.0,3.0,29.1,5,0,2019
2019-01-19,Quezon City,9.4,1.8,19.3,43,0,2019
2019-01-19,Marikina,6.5,0.5,10.6,15,0,2019
2019-01-19,Manila,11.8,1.7,8.8,5,0,2019
2019-01-19,Pasig,8.2,1.0,12.0,5,0,2019
2019-01-20,Quezon City,18.3,1.6,25.9,43,0,2019
2019-01-20,Marikina,9.5,1.4,11.5,15,0,2019
2019-01-20,Manila,3.5,0.5,9.5,5,0,2019
2019-01-20,Pasig,11.3,0.5,13.8,5,0,2019
2019-01-21,Quezon City,24.0,3.2,27.1,43,0,2019
2019-01-21,Marikina,6.5,0.5,20.9,15,0,2019
2019-01-21,Manila,9.3,0.5,13.1,5,0,2019
2019-01-21,Pasig,3.3,0.6,12.2,5,0,2019
2019-01-22,Quezon City,11.2,0.5,14.6,43,0,2019
2019-01-22,Marikina,2.0,0.7,11.1,15,0,2019
2019-01-22,Manila,6.6,0.5,17.1,5,0,2019
2019-01-22,Pasig,13.8,1.6,18.9,5,0,2019
2019-01-23,Quezon City,6.3,0.5,5.0,43,0,2019
2019-01-23,Marikina,20.4,1.1,16.9,15,0,2019
2019-01-23,Manila,6.0,0.5,8.0,5,0,2019
2019-01-23,Pasig,5.4,1.2,19.7,5,0,2019
2019-01-24,Quezon City,10.1,1.3,15.0,43,0,2019
2019-01-24,Marikina,8.6,2.1,16.7,15,0,2019
2019-01-24,Manila,2.5,0.5,7.3,5,0,2019
2019-01-24,Pasig,11.6,1.0,11.2,5,0,2019
2019-01-25,Quezon City,23.3,2.8,23.5,43,0,2019
2019-01-25,Marikina,12.4,1.1,18.4,15,0,2019
2019-01-25,Manila,12.7,1.6,5.0,5,0,2019
2019-01-25,Pasig,8.7,2.3,11.9,5,0,2019
2019-01-26,Quezon City,7.8,0.8,12.5,43,0,2019
2019-01-26,Marikina,10.9,1.7,15.5,15,0,2019
2019-01-26,Manila,6.9,2.0,23.9,5,0,2019
2019-01-26,Pasig,26.6,1.9,25.0,5,0,2019
2019-01-27,Quezon City,10.8,1.1,12.9,43,0,2019
2019-01-27,Marikina,9.7,0.5,17.0,15,0,2019
2019-01-27,Manila,28.2,2.4,19.9,5,0,2019
2019-01-27,Pasig,4.6,1.7,6.6,5,0,2019
2019-01-28,Quezon City,28.6,4.0,21.4,43,0,2019
2019-01-28,Marikina,7.3,2.8,11.9,15,0,2019
2019-01-28,Manila,10.4,0.5,11.2,5,0,2019
2019-01-28,Pasig,2.1,0.5,5.0,5,0,2019
2019-01-29,Quezon City,6.2,0.5,18.0,43,0,2019
2019-01-29,Marikina,6.8,0.7,18.9,15,0,2019
2019-01-29,Manila,4.6,0.5,12.7,5,0,2019
2019-01-29,Pasig,17.3,2.2,14.3,5,0,2019
2019-01-30,Quezon City,4.6,0.5,13.9,43,0,2019
2019-01-30,Marikina,10.8,1.3,27.6,15,0,2019
2019-01-30,Manila,8.4,0.5,13.8,5,0,2019
2019-01-30,Pasig,11.0,0.5,9.4,5,0,2019
2019-01-31,Quezon City,7.9,0.5,15.2,43,0,2019
2019-01-31,Marikina,9.1,1.1,8.7,15,0,2019
2019-01-31,Manila,13.5,0.6,26.4,5,0,2019
2019-01-31,Pasig,14.2,2.7,19.2,5,0,2019
2019-02-01,Quezon City,15.1,0.7,18.0,43,0,2019
2019-02-01,Marikina,11.7,2.2,14.0,15,0,2019
2019-02-01,Manila,20.1,0.8,16.3,5,0,2019
2019-02-01,Pasig,11.1,0.6,22.2,5,0,2019
2019-02-02,Quezon City,26.0,2.8,23.5,43,0,2019
2019-02-02,Marikina,2.9,0.5,10.5,15,0,2019
2019-02-02,Manila,7.9,0.7,13.2,5,0,2019
2019-02-02,Pasig,8.1,1.4,18.7,5,0,2019
2019-02-03,Quezon City,10.7,1.8,20.7,43,0,2019
2019-02-03,Marikina,8.0,1.5,6.6,15,0,2019
2019-02-03,Manila,11.7,1.8,18.6,5,0,2019
2019-02-03,Pasig,20.1,2.1,14.7,5,0,2019
2019-02-04,Quezon City,14.1,3.3,20.6,43,0,2019
2019-02-04,Marikina,10.6,0.5,20.5,15,0,2019
2019-02-04,Manila,10.4,2.1,21.0,5,0,2019
2019-02-04,Pasig,1.9,1.6,8.9,5,0,2019
2019-02-05,Quezon City,6.9,1.5,7.9,43,0,2019
2019-02-05,Marikina,11.0,1.9,15.9,15,0,2019
2019-02-05,Manila,10.4,0.7,13.8,5,0,2019
2019-02-05,Pasig,26.0,3.1,15.1,5,0,2019
2019-02-06,Quezon City,7.0,0.5,7.4,43,0,2019
2019-02-06,Marikina,16.7,0.5,24.7,15,0,2019
2019-02-06,Manila,3.4,0.5,21.3,5,0,2019
2019-02-06,Pasig,14.9,2.9,21.1,5,0,2019
2019-02-07,Quezon City,7.6,0.5,24.7,43,0,2019
2019-02-07,Marikina,9.3,0.5,19.0,15,0,2019
2019-02-07,Manila,8.9,1.2,21.3,5,0,2019
2019-02-07,Pasig,12.3,0.7,15.8,5,0,2019
2019-02-08,Quezon City,22.8,3.2,18.3,43,0,2019
2019-02-08,Marikina,8.6,1.0,9.7,15,0,2019
2019-02-08,Manila,5.0,2.3,13.4,5,0,2019
2019-02-08,Pasig,6.1,1.4,7.6,5,0,2019
2019-02-09,Quezon City,20.7,1.6,28.6,43,0,2019
2019-02-09,Marikina,7.2,0.5,12.6,15,0,2019
2019-02-09,Manila,13.7,2.2,17.7,5,0,2019
2019-02-09,Pasig,4.7,2.3,7.8,5,0,2019
2019-02-10,Quezon City,1.8,0.5,5.0,43,0,2019
2019-02-10,Marikina,18.0,2.3,23.8,15,0,2019
2019-02-10,Manila,11.0,0.5,13.0,5,0,2019
2019-02-10,Pasig,6.4,0.5,15.1,5,0,2019
2019-02-11,Quezon City,14.7,1.3,23.2,43,0,2019
2019-02-11,Marikina,14.2,0.5,15.6,15,0,2019
2019-02-11,Manila,10.5,3.2,10.7,5,0,2019
2019-02-11,Pasig,8.2,2.2,18.5,5,0,2019
2019-02-12,Quezon City,6.0,0.5,16.3,43,0,2019
2019-02-12,Marikina,23.3,1.4,30.0,15,0,2019
2019-02-12,Manila,18.0,2.0,17.6,5,0,2019
2019-02-12,Pasig,5.9,0.6,14.1,5,0,2019
2019-02-13,Quezon City,4.5,0.5,10.1,43,0,2019
2019-02-13,Marikina,7.7,0.5,17.6,15,0,2019
2019-02-13,Manila,13.4,1.7,18.8,5,0,2019
2019-02-13,Pasig,13.8,0.5,20.6,5,0,2019
2019-02-14,Quezon City,8.4,0.5,13.4,43,0,2019
2019-02-14,Marikina,1.9,0.5,5.0,15,0,2019
2019-02-14,Manila,5.6,1.4,12.9,5,0,2019
2019-02-14,Pasig,4.0,0.5,9.5,5,0,2019
2019-02-15,Quezon City,9.6,1.5,21.6,43,0,2019
2019-02-15,Marikina,31.3,3.7,22.0,15,1,2019
2019-02-15,Manila,24.2,4.0,17.9,5,0,2019
2019-02-15,Pasig,8.1,0.5,8.7,5,0,2019
2019-02-16,Quezon City,2.1,0.6,5.0,43,0,2019
2019-02-16,Marikina,1.8,0.8,10.6,15,0,2019
2019-02-16,Manila,19.0,1.6,9.0,5,0,2019
2019-02-16,Pasig,12.5,0.5,18.0,5,0,2019
2019-02-17,Quezon City,3.2,0.5,15.7,43,0,2019
2019-02-17,Marikina,3.9,0.7,8.0,15,0,2019
2019-02-17,Manila,22.9,1.8,14.5,5,0,2019
2019-02-17,Pasig,9.6,0.5,17.7,5,0,2019
2019-02-18,Quezon City,0.7,0.5,23.3,43,0,2019
2019-02-18,Marikina,5.0,1.4,16.9,15,0,2019
2019-02-18,Manila,2.1,0.5,17.4,5,0,2019
2019-02-18,Pasig,16.0,0.6,17.0,5,0,2019
2019-02-19,Quezon City,3.0,0.7,9.1,43,0,2019
2019-02-19,Marikina,3.4,0.5,13.9,15,0,2019
2019-02-19,Manila,11.0,2.3,14.5,5,0,2019
2019-02-19,Pasig,10.6,0.6,15.9,5,0,2019
2019-02-20,Quezon City,4.8,0.5,14.0,43,0,2019
2019-02-20,Marikina,19.8,2.4,22.8,15,0,2019
2019-02-20,Manila,2.9,0.7,12.9,5,0,2019
2019-02-20,Pasig,26.5,4.0,21.9,5,0,2019
2019-02-21,Quezon City,15.2,2.1,8.9,43,0,2019
2019-02-21,Marikina,20.4,2.0,9.9,15,0,2019
2019-02-21,Manila,16.6,2.0,20.0,5,0,2019
2019-02-21,Pasig,13.8,0.5,19.1,5,0,2019
2019-02-22,Quezon City,8.3,0.5,16.6,43,0,2019
2019-02-22,Marikina,3.7,1.3,15.1,15,0,2019
2019-02-22,Manila,4.7,1.9,8.7,5,0,2019
2019-02-22,Pasig,16.4,1.7,16.0,5,0,2019
2019-02-23,Quezon City,9.3,1.2,10.1,43,0,2019
2019-02-23,Marikina,10.8,0.6,15.5,15,0,2019
2019-02-23,Manila,24.6,1.0,21.6,5,0,2019
2019-02-23,Pasig,17.1,1.8,28.0,5,0,2019
2019-02-24,Quezon City,35.8,2.4,26.3,43,1,2019
2019-02-24,Marikina,6.6,2.7,17.8,15,0,2019
2019-02-24,Manila,5.4,0.5,5.0,5,0,2019
2019-02-24,Pasig,6.1,0.5,14.3,5,0,2019
2019-02-25,Quezon City,10.4,0.5,19.7,43,0,2019
2019-02-25,Marikina,14.5,0.6,23.0,15,0,2019
2019-02-25,Manila,9.8,1.0,12.1,5,0,2019
2019-02-25,Pasig,8.2,1.1,18.3,5,0,2019
2019-02-26,Quezon City,10.6,0.7,17.9,43,0,2019
2019-02-26,Marikina,7.7,0.5,18.5,15,0,2019
2019-02-26,Manila,5.2,2.0,5.0,5,0,2019
2019-02-26,Pasig,8.2,0.9,7.8,5,0,2019
2019-02-27,Quezon City,10.0,0.5,15.3,43,0,2019
2019-02-27,Marikina,4.3,1.1,7.0,15,0,2019
2019-02-27,Manila,29.3,3.1,31.9,5,0,2019
2019-02-27,Pasig,12.7,1.9,16.9,5,0,2019
2019-02-28,Quezon City,41.5,4.7,31.6,43,1,2019
2019-02-28,Marikina,9.2,0.5,11.9,15,0,2019
2019-02-28,Manila,8.3,0.8,12.2,5,0,2019
2019-02-28,Pasig,7.5,1.5,13.4,5,0,2019
2019-03-01,Quezon City,6.2,0.5,5.6,43,0,2019
2019-03-01,Marikina,11.5,1.7,17.0,15,0,2019
2019-03-01,Manila,3.8,1.4,7.7,5,0,2019
2019-03-01,Pasig,1.2,0.6,5.0,5,0,2019
2019-03-02,Quezon City,21.3,2.6,21.6,43,0,2019
2019-03-02,Marikina,8.8,0.5,16.5,15,0,2019
2019-03-02,Manila,17.1,1.9,18.2,5,0,2019
2019-03-02,Pasig,14.9,1.8,27.3,5,0,2019
2019-03-03,Quezon City,16.7,0.9,13.0,43,0,2019
2019-03-03,Marikina,26.6,1.7,19.7,15,0,2019
2019-03-03,Manila,23.6,2.1,22.2,5,0,2019
2019-03-03,Pasig,12.0,0.5,16.9,5,0,2019
2019-03-04,Quezon City,16.6,3.2,15.9,43,0,2019
2019-03-04,Marikina,13.8,1.3,18.9,15,0,2019
2019-03-04,Manila,10.6,0.6,13.8,5,0,2019
2019-03-04,Pasig,6.5,1.8,17.5,5,0,2019
2019-03-05,Quezon City,13.4,0.5,14.3,43,0,2019
2019-03-05,Marikina,7.8,1.9,20.2,15,0,2019
2019-03-05,Manila,4.9,2.0,11.2,5,0,2019
2019-03-05,Pasig,6.5,0.5,10.5,5,0,2019
2019-03-06,Quezon City,9.0,2.2,19.1,43,0,2019
2019-03-06,Marikina,4.7,0.6,15.1,15,0,2019
2019-03-06,Manila,12.8,2.5,12.1,5,0,2019
2019-03-06,Pasig,12.0,0.9,17.2,5,0,2019
2019-03-07,Quezon City,11.4,1.4,17.1,43,0,2019
2019-03-07,Marikina,29.0,2.0,21.1,15,0,2019
2019-03-07,Manila,1.1,0.5,17.4,5,0,2019
2019-03-07,Pasig,3.5,0.5,21.8,5,0,2019
2019-03-08,Quezon City,20.0,3.8,22.2,43,0,2019
2019-03-08,Marikina,6.2,1.5,6.9,15,0,2019
2019-03-08,Manila,2.9,2.1,5.2,5,0,2019
2019-03-08,Pasig,6.9,2.6,14.2,5,0,2019
2019-03-09,Quezon City,13.8,0.9,9.8,43,0,2019
2019-03-09,Marikina,8.3,0.5,16.2,15,0,2019
2019-03-09,Manila,8.0,1.6,16.9,5,0,2019
2019-03-09,Pasig,26.8,4.1,25.5,5,0,2019
2019-03-10,Quezon City,8.5,0.5,7.0,43,0,2019
2019-03-10,Marikina,8.5,0.5,16.5,15,0,2019
2019-03-10,Manila,4.1,0.5,5.4,5,0,2019
2019-03-10,Pasig,7.0,0.8,24.7,5,0,2019
2019-03-11,Quezon City,18.8,2.2,13.9,43,0,2019
2019-03-11,Marikina,10.6,1.6,14.4,15,0,2019
2019-03-11,Manila,21.9,1.5,17.9,5,0,2019
2019-03-11,Pasig,6.2,0.9,5.9,5,0,2019
2019-03-12,Quezon City,13.5,1.3,11.1,43,0,2019
2019-03-12,Marikina,4.6,1.1,14.5,15,0,2019
2019-03-12,Manila,4.5,0.5,10.5,5,0,2019
2019-03-12,Pasig,10.8,1.5,19.7,5,0,2019
2019-03-13,Quezon City,13.7,0.9,13.0,43,0,2019
2019-03-13,Marikina,3.3,1.3,8.1,15,0,2019
2019-03-13,Manila,0.9,0.5,17.2,5,0,2019
2019-03-13,Pasig,3.9,0.7,14.1,5,0,2019
2019-03-14,Quezon City,10.6,1.9,13.6,43,0,2019
2019-03-14,Marikina,7.3,0.5,11.4,15,0,2019
2019-03-14,Manila,7.3,1.3,15.4,5,0,2019
2019-03-14,Pasig,7.3,0.9,17.1,5,0,2019
2019-03-15,Quezon City,6.0,0.5,18.1,43,0,2019
2019-03-15,Marikina,2.8,0.5,8.8,15,0,2019
2019-03-15,Manila,1.9,0.5,10.3,5,0,2019
2019-03-15,Pasig,6.0,2.2,11.8,5,0,2019
2019-03-16,Quezon City,26.1,1.6,29.4,43,0,2019
2019-03-16,Marikina,5.6,0.5,18.0,15,0,2019
2019-03-16,Manila,5.9,0.5,12.3,5,0,2019
2019-03-16,Pasig,13.9,0.5,12.7,5,0,2019
2019-03-17,Quezon City,9.7,1.8,16.8,43,0,2019
2019-03-17,Marikina,10.3,0.5,11.6,15,0,2019
2019-03-17,Manila,4.0,0.5,9.1,5,0,2019
2019-03-17,Pasig,17.9,2.2,15.4,5,0,2019
2019-03-18,Quezon City,11.5,2.0,21.0,43,0,2019
2019-03-18,Marikina,20.5,2.1,24.0,15,0,2019
2019-03-18,Manila,13.4,1.1,16.8,5,0,2019
2019-03-18,Pasig,1.6,0.5,5.0,5,0,2019
2019-03-19,Quezon City,13.5,2.3,16.7,43,0,2019
2019-03-19,Marikina,22.9,1.6,19.9,15,0,2019
2019-03-19,Manila,6.5,0.5,11.3,5,0,2019
2019-03-19,Pasig,14.4,1.9,10.5,5,0,2019
2019-03-20,Quezon City,9.8,2.6,11.9,43,0,2019
2019-03-20,Marikina,15.6,1.3,15.5,15,0,2019
2019-03-20,Manila,8.2,2.2,14.5,5,0,2019
2019-03-20,Pasig,12.5,0.5,17.5,5,0,2019
2019-03-21,Quezon City,8.5,2.3,13.0,43,0,2019
2019-03-21,Marikina,1.1,0.5,10.7,15,0,2019
2019-03-21,Manila,14.8,2.5,25.7,5,0,2019
2019-03-21,Pasig,10.9,1.8,19.6,5,0,2019
2019-03-22,Quezon City,1.6,0.5,5.0,43,0,2019
2019-03-22,Marikina,5.8,0.5,15.7,15,0,2019
2019-03-22,Manila,10.6,0.7,20.0,5,0,2019
2019-03-22,Pasig,12.1,0.5,14.2,5,0,2019
2019-03-23,Quezon City,25.4,3.3,25.1,43,0,2019
2019-03-23,Marikina,1.8,1.4,14.2,15,0,2019
2019-03-23,Manila,5.2,0.5,10.5,5,0,2019
2019-03-23,Pasig,7.2,0.5,10.4,5,0,2019
2019-03-24,Quezon City,23.0,2.2,22.9,43,0,2019
2019-03-24,Marikina,9.2,1.9,22.6,15,0,2019
2019-03-24,Manila,17.4,2.0,23.3,5,0,2019
2019-03-24,Pasig,5.1,2.5,13.3,5,0,2019
2019-03-25,Quezon City,12.3,2.2,22.8,43,0,2019
2019-03-25,Marikina,16.8,0.8,20.1,15,0,2019
2019-03-25,Manila,16.7,0.5,14.4,5,0,2019
2019-03-25,Pasig,16.9,2.0,14.2,5,0,2019
2019-03-26,Quezon City,12.7,2.0,17.4,43,0,2019
2019-03-26,Marikina,5.1,0.7,13.2,15,0,2019
2019-03-26,Manila,7.4,0.5,10.1,5,0,2019
2019-03-26,Pasig,20.7,2.1,22.0,5,0,2019
2019-03-27,Quezon City,7.6,0.6,17.2,43,0,2019
2019-03-27,Marikina,6.0,0.5,6.8,15,0,2019
2019-03-27,Manila,30.8,2.6,25.2,5,1,2019
2019-03-27,Pasig,9.7,1.6,15.6,5,0,2019
2019-03-28,Quezon City,6.6,1.5,14.4,43,0,2019
2019-03-28,Marikina,1.4,1.6,5.0,15,0,2019
2019-03-28,Manila,10.8,2.0,20.2,5,0,2019
2019-03-28,Pasig,5.8,1.1,23.5,5,0,2019
2019-03-29,Quezon City,2.4,0.5,6.3,43,0,2019
2019-03-29,Marikina,3.7,0.5,6.5,15,0,2019
2019-03-29,Manila,9.0,1.4,16.9,5,0,2019
2019-03-29,Pasig,18.3,0.5,23.9,5,0,2019
2019-03-30,Quezon City,13.7,0.5,21.6,43,0,2019
2019-03-30,Marikina,14.5,1.6,21.8,15,0,2019
2019-03-30,Manila,7.3,0.5,13.0,5,0,2019
2019-03-30,Pasig,7.1,0.5,14.4,5,0,2019
2019-03-31,Quezon City,6.9,1.2,15.4,43,0,2019
2019-03-31,Marikina,9.3,1.1,6.6,15,0,2019
2019-03-31,Manila,1.3,0.5,9.2,5,0,2019
2019-03-31,Pasig,7.6,0.8,17.6,5,0,2019
2019-04-01,Quezon City,10.1,1.4,12.5,43,0,2019
2019-04-01,Marikina,14.6,2.0,13.8,15,0,2019
2019-04-01,Manila,3.0,0.5,9.6,5,0,2019
2019-04-01,Pasig,5.2,1.5,6.1,5,0,2019
2019-04-02,Quezon City,19.3,1.4,17.7,43,0,2019
2019-04-02,Marikina,4.6,0.6,10.0,15,0,2019
2019-04-02,Manila,7.1,0.9,9.4,5,0,2019
2019-04-02,Pasig,13.2,0.5,11.9,5,0,2019
2019-04-03,Quezon City,11.5,1.5,5.0,43,0,2019
2019-04-03,Marikina,9.0,2.6,15.4,15,0,2019
2019-04-03,Manila,14.4,1.2,20.9,5,0,2019
2019-04-03,Pasig,2.1,3.0,12.7,5,0,2019
2019-04-04,Quezon City,17.4,1.9,15.6,43,0,2019
2019-04-04,Marikina,9.3,0.5,8.9,15,0,2019
2019-04-04,Manila,23.5,3.9,21.7,5,0,2019
2019-04-04,Pasig,8.6,1.4,23.2,5,0,2019
2019-04-05,Quezon City,21.0,0.5,26.4,43,0,2019
2019-04-05,Marikina,6.9,0.7,10.0,15,0,2019
2019-04-05,Manila,19.4,1.6,19.6,5,0,2019
2019-04-05,Pasig,7.2,2.5,14.9,5,0,2019
2019-04-06,Quezon City,5.2,0.5,22.6,43,0,2019
2019-04-06,Marikina,15.1,3.2,13.4,15,0,2019
2019-04-06,Manila,3.1,1.2,14.9,5,0,2019
2019-04-06,Pasig,3.9,2.5,10.3,5,0,2019
2019-04-07,Quezon City,12.2,1.9,22.3,43,0,2019
2019-04-07,Marikina,3.1,0.5,9.2,15,0,2019
2019-04-07,Manila,4.9,0.5,9.5,5,0,2019
2019-04-07,Pasig,2.4,1.1,12.2,5,0,2019
2019-04-08,Quezon City,7.0,0.5,14.1,43,0,2019
2019-04-08,Marikina,2.1,0.5,13.0,15,0,2019
2019-04-08,Manila,10.5,0.5,23.1,5,0,2019
2019-04-08,Pasig,25.3,0.5,19.6,5,0,2019
2019-04-09,Quezon City,19.7,1.4,24.9,43,0,2019
2019-04-09,Marikina,15.7,2.4,21.2,15,0,2019
2019-04-09,Manila,10.1,1.6,21.5,5,0,2019
2019-04-09,Pasig,15.9,1.1,13.5,5,0,2019
2019-04-10,Quezon City,15.7,0.7,23.2,43,0,2019
2019-04-10,Marikina,34.4,3.1,22.8,15,1,2019
2019-04-10,Manila,6.1,1.0,18.3,5,0,2019
2019-04-10,Pasig,24.6,1.6,20.8,5,0,2019
2019-04-11,Quezon City,4.3,0.5,8.9,43,0,2019
2019-04-11,Marikina,13.9,1.0,24.4,15,0,2019
2019-04-11,Manila,16.8,1.9,13.7,5,0,2019
2019-04-11,Pasig,7.3,1.2,9.4,5,0,2019
2019-04-12,Quezon City,12.4,0.5,8.5,43,0,2019
2019-04-12,Marikina,8.3,0.8,13.2,15,0,2019
2019-04-12,Manila,3.5,0.5,21.0,5,0,2019
2019-04-12,Pasig,7.1,1.4,13.0,5,0,2019
2019-04-13,Quezon City,9.4,0.5,10.9,43,0,2019
2019-04-13,Marikina,8.2,0.5,11.8,15,0,2019
2019-04-13,Manila,5.5,0.5,21.2,5,0,2019
2019-04-13,Pasig,25.4,2.7,23.0,5,0,2019
2019-04-14,Quezon City,15.6,1.4,17.6,43,0,2019
2019-04-14,Marikina,15.6,2.1,16.1,15,0,2019
2019-04-14,Manila,7.7,0.5,8.9,5,0,2019
2019-04-14,Pasig,10.7,0.5,16.5,5,0,2019
2019-04-15,Quezon City,8.5,2.2,19.7,43,0,2019
2019-04-15,Marikina,10.4,2.5,18.0,15,0,2019
2019-04-15,Manila,1.6,0.5,12.1,5,0,2019
2019-04-15,Pasig,15.4,1.5,20.9,5,0,2019
2019-04-16,Quezon City,17.2,2.9,17.4,43,0,2019
2019-04-16,Marikina,10.0,0.8,26.2,15,0,2019
2019-04-16,Manila,5.6,0.5,11.5,5,0,2019
2019-04-16,Pasig,7.8,0.9,7.9,5,0,2019
2019-04-17,Quezon City,7.2,0.6,12.9,43,0,2019
2019-04-17,Marikina,9.7,0.5,17.3,15,0,2019
2019-04-17,Manila,11.8,0.9,10.5,5,0,2019
2019-04-17,Pasig,4.3,1.0,14.1,5,0,2019
2019-04-18,Quezon City,17.0,0.5,9.4,43,0,2019
2019-04-18,Marikina,17.6,3.0,23.1,15,0,2019
2019-04-18,Manila,6.3,0.6,9.7,5,0,2019
2019-04-18,Pasig,15.5,1.0,18.6,5,0,2019
2019-04-19,Quezon City,11.5,0.5,12.0,43,0,2019
2019-04-19,Marikina,1.2,0.5,16.1,15,0,2019
2019-04-19,Manila,5.5,0.9,5.2,5,0,2019
2019-04-19,Pasig,6.8,1.3,13.7,5,0,2019
2019-04-20,Quezon City,3.9,0.5,7.8,43,0,2019
2019-04-20,Marikina,11.7,1.3,23.1,15,0,2019
2019-04-20,Manila,18.5,2.2,19.2,5,0,2019
2019-04-20,Pasig,14.3,2.2,13.4,5,0,2019
2019-04-21,Quezon City,12.1,0.5,12.7,43,0,2019
2019-04-21,Marikina,6.7,1.3,5.0,15,0,2019
2019-04-21,Manila,8.8,2.0,21.1,5,0,2019
2019-04-21,Pasig,12.8,1.7,11.6,5,0,2019
2019-04-22,Quezon City,13.5,3.1,15.4,43,0,2019
2019-04-22,Marikina,13.2,1.9,16.5,15,0,2019
2019-04-22,Manila,0.9,1.5,17.8,5,0,2019
2019-04-22,Pasig,6.2,0.7,8.2,5,0,2019
2019-04-23,Quezon City,8.6,2.6,14.2,43,0,2019
2019-04-23,Marikina,4.0,0.5,9.7,15,0,2019
2019-04-23,Manila,9.7,1.2,15.2,5,0,2019
2019-04-23,Pasig,17.7,1.4,25.0,5,0,2019
2019-04-24,Quezon City,18.9,2.7,14.2,43,0,2019
2019-04-24,Marikina,4.4,0.5,9.2,15,0,2019
2019-04-24,Manila,9.2,0.6,13.3,5,0,2019
2019-04-24,Pasig,12.0,1.5,20.4,5,0,2019
2019-04-25,Quezon City,11.5,0.5,15.2,43,0,2019
2019-04-25,Marikina,25.2,1.5,30.5,15,0,2019
2019-04-25,Manila,3.5,0.5,18.3,5,0,2019
2019-04-25,Pasig,19.6,1.8,23.3,5,0,2019
2019-04-26,Quezon City,14.4,0.5,20.7,43,0,2019
2019-04-26,Marikina,20.3,2.9,20.9,15,0,2019
2019-04-26,Manila,14.0,3.2,19.9,5,0,2019
2019-04-26,Pasig,5.8,0.5,12.3,5,0,2019
2019-04-27,Quezon City,8.3,1.1,27.3,43,0,2019
2019-04-27,Marikina,11.9,2.3,8.6,15,0,2019
2019-04-27,Manila,7.8,0.5,26.5,5,0,2019
2019-04-27,Pasig,1.2,0.5,6.7,5,0,2019
2019-04-28,Quezon City,7.7,0.5,10.0,43,0,2019
2019-04-28,Marikina,15.7,2.0,19.6,15,0,2019
2019-04-28,Manila,7.6,0.5,23.3,5,0,2019
2019-04-28,Pasig,18.5,0.8,18.4,5,0,2019
2019-04-29,Quezon City,5.9,2.7,13.7,43,0,2019
2019-04-29,Marikina,5.5,1.3,5.7,15,0,2019
2019-04-29,Manila,7.1,0.8,14.4,5,0,2019
2019-04-29,Pasig,23.4,2.9,16.9,5,0,2019
2019-04-30,Quezon City,13.8,0.8,16.5,43,0,2019
2019-04-30,Marikina,2.0,0.5,6.4,15,0,2019
2019-04-30,Manila,29.5,3.7,19.4,5,0,2019
2019-04-30,Pasig,8.3,0.5,16.1,5,0,2019
2019-05-01,Quezon City,3.3,2.8,18.0,43,0,2019
2019-05-01,Marikina,9.2,0.9,14.4,15,0,2019
2019-05-01,Manila,12.5,1.9,5.9,5,0,2019
2019-05-01,Pasig,6.0,0.6,16.1,5,0,2019
2019-05-02,Quezon City,21.5,1.3,24.9,43,0,2019
2019-05-02,Marikina,10.3,0.5,5.0,15,0,2019
2019-05-02,Manila,11.8,0.6,18.2,5,0,2019
2019-05-02,Pasig,7.1,1.7,19.4,5,0,2019
2019-05-03,Quezon City,8.0,0.5,16.6,43,0,2019
2019-05-03,Marikina,9.2,1.0,17.7,15,0,2019
2019-05-03,Manila,9.1,0.5,14.4,5,0,2019
2019-05-03,Pasig,5.0,0.5,10.5,5,0,2019
2019-05-04,Quezon City,10.1,0.5,14.9,43,0,2019
2019-05-04,Marikina,10.6,0.7,18.2,15,0,2019
2019-05-04,Manila,7.3,2.0,7.1,5,0,2019
2019-05-04,Pasig,8.7,0.5,20.6,5,0,2019
2019-05-05,Quezon City,0.4,1.1,13.7,43,0,2019
2019-05-05,Marikina,10.7,3.2,14.9,15,0,2019
2019-05-05,Manila,13.7,0.5,21.9,5,0,2019
2019-05-05,Pasig,11.1,1.0,20.9,5,0,2019
2019-05-06,Quezon City,3.0,0.5,8.1,43,0,2019
2019-05-06,Marikina,4.8,1.9,8.2,15,0,2019
2019-05-06,Manila,9.8,0.9,7.9,5,0,2019
2019-05-06,Pasig,28.1,3.1,26.6,5,0,2019
2019-05-07,Quezon City,11.3,1.0,13.9,43,0,2019
2019-05-07,Marikina,9.9,0.5,13.5,15,0,2019
2019-05-07,Manila,8.3,0.5,15.3,5,0,2019
2019-05-07,Pasig,13.7,0.6,18.2,5,0,2019
2019-05-08,Quezon City,5.2,1.2,8.9,43,0,2019
2019-05-08,Marikina,1.2,0.5,9.6,15,0,2019
2019-05-08,Manila,15.5,2.8,16.7,5,0,2019
2019-05-08,Pasig,5.3,1.9,10.6,5,0,2019
2019-05-09,Quezon City,8.6,0.5,20.9,43,0,2019
2019-05-09,Marikina,4.5,0.7,18.0,15,0,2019
2019-05-09,Manila,4.3,0.5,12.2,5,0,2019
2019-05-09,Pasig,7.8,0.5,10.1,5,0,2019
2019-05-10,Quezon City,14.8,1.1,19.5,43,0,2019
2019-05-10,Marikina,14.9,0.5,22.6,15,0,2019
2019-05-10,Manila,21.6,1.2,15.2,5,0,2019
2019-05-10,Pasig,20.1,2.6,29.3,5,0,2019
2019-05-11,Quezon City,13.1,0.7,14.1,43,0,2019
2019-05-11,Marikina,28.9,3.0,18.2,15,0,2019
2019-05-11,Manila,1.1,0.6,5.0,5,0,2019
2019-05-11,Pasig,5.6,0.5,20.3,5,0,2019
2019-05-12,Quezon City,2.0,1.0,15.8,43,0,2019
2019-05-12,Marikina,1.6,1.8,13.7,15,0,2019
2019-05-12,Manila,5.8,0.9,8.8,5,0,2019
2019-05-12,Pasig,0.4,0.6,6.6,5,0,2019
2019-05-13,Quezon City,7.4,1.7,15.9,43,0,2019
2019-05-13,Marikina,12.8,1.6,18.9,15,0,2019
2019-05-13,Manila,12.1,0.5,19.1,5,0,2019
2019-05-13,Pasig,7.6,0.6,13.5,5,0,2019
2019-05-14,Quezon City,1.5,0.5,14.6,43,0,2019
2019-05-14,Marikina,19.2,2.9,17.0,15,0,2019
2019-05-14,Manila,3.2,0.5,6.1,5,0,2019
2019-05-14,Pasig,16.2,0.5,17.6,5,0,2019
2019-05-15,Quezon City,15.2,0.9,24.3,43,0,2019
2019-05-15,Marikina,16.3,1.5,13.9,15,0,2019
2019-05-15,Manila,4.4,0.5,5.3,5,0,2019
2019-05-15,Pasig,21.2,2.9,11.1,5,0,2019
2019-05-16,Quezon City,15.9,3.1,23.7,43,0,2019
2019-05-16,Marikina,16.5,2.4,16.6,15,0,2019
2019-05-16,Manila,10.1,0.7,10.2,5,0,2019
2019-05-16,Pasig,19.8,1.3,14.9,5,0,2019
2019-05-17,Quezon City,22.2,2.4,13.3,43,0,2019
2019-05-17,Marikina,8.6,0.5,13.5,15,0,2019
2019-05-17,Manila,8.9,2.5,8.8,5,0,2019
2019-05-17,Pasig,11.8,0.5,9.8,5,0,2019
2019-05-18,Quezon City,9.5,1.7,8.3,43,0,2019
2019-05-18,Marikina,3.5,0.5,11.5,15,0,2019
2019-05-18,Manila,8.7,0.5,19.3,5,0,2019
2019-05-18,Pasig,4.1,0.5,11.8,5,0,2019
2019-05-19,Quezon City,13.5,0.5,7.9,43,0,2019
2019-05-19,Marikina,3.6,0.5,11.6,15,0,2019
2019-05-19,Manila,10.5,1.6,23.1,5,0,2019
2019-05-19,Pasig,10.2,2.5,14.5,5,0,2019
2019-05-20,Quezon City,8.8,0.5,5.0,43,0,2019
2019-05-20,Marikina,11.4,0.5,26.7,15,0,2019
2019-05-20,Manila,6.1,0.6,5.4,5,0,2019
2019-05-20,Pasig,17.3,1.5,19.1,5,0,2019
2019-05-21,Quezon City,1.2,0.9,12.1,43,0,2019
2019-05-21,Marikina,5.2,0.6,12.7,15,0,2019
2019-05-21,Manila,19.6,1.4,15.7,5,0,2019
2019-05-21,Pasig,3.0,1.5,5.0,5,0,2019
2019-05-22,Quezon City,3.4,0.5,8.4,43,0,2019
2019-05-22,Marikina,2.9,1.3,18.6,15,0,2019
2019-05-22,Manila,4.7,0.5,12.1,5,0,2019
2019-05-22,Pasig,10.7,0.5,5.7,5,0,2019
2019-05-23,Quezon City,7.8,0.8,9.9,43,0,2019
2019-05-23,Marikina,6.6,0.5,10.3,15,0,2019
2019-05-23,Manila,4.4,0.5,16.3,5,0,2019
2019-05-23,Pasig,1.7,1.9,5.0,5,0,2019
2019-05-24,Quezon City,12.9,1.0,16.7,43,0,2019
2019-05-24,Marikina,3.1,0.5,8.5,15,0,2019
2019-05-24,Manila,8.2,0.5,10.6,5,0,2019
2019-05-24,Pasig,0.6,0.5,13.2,5,0,2019
2019-05-25,Quezon City,2.2,0.5,7.4,43,0,2019
2019-05-25,Marikina,8.9,0.5,5.0,15,0,2019
2019-05-25,Manila,8.8,0.8,14.6,5,0,2019
2019-05-25,Pasig,14.3,1.7,23.4,5,0,2019
2019-05-26,Quezon City,5.8,0.5,15.2,43,0,2019
2019-05-26,Marikina,12.2,0.5,16.1,15,0,2019
2019-05-26,Manila,8.1,0.5,18.4,5,0,2019
2019-05-26,Pasig,10.2,0.9,13.8,5,0,2019
2019-05-27,Quezon City,5.9,1.7,8.9,43,0,2019
2019-05-27,Marikina,3.8,0.5,15.1,15,0,2019
2019-05-27,Manila,1.5,1.8,11.2,5,0,2019
2019-05-27,Pasig,7.4,2.3,15.0,5,0,2019
2019-05-28,Quezon City,21.5,3.5,12.8,43,0,2019
2019-05-28,Marikina,14.2,0.6,20.1,15,0,2019
2019-05-28,Manila,14.9,0.8,14.0,5,0,2019
2019-05-28,Pasig,13.0,2.3,16.9,5,0,2019
2019-05-29,Quezon City,2.2,0.5,5.5,43,0,2019
2019-05-29,Marikina,3.4,0.6,21.4,15,0,2019
2019-05-29,Manila,8.5,1.2,11.5,5,0,2019
2019-05-29,Pasig,12.1,1.8,7.8,5,0,2019
2019-05-30,Quezon City,20.1,2.9,19.6,43,0,2019
2019-05-30,Marikina,5.1,0.5,10.2,15,0,2019
2019-05-30,Manila,11.9,1.7,23.2,5,0,2019
2019-05-30,Pasig,15.0,1.3,8.5,5,0,2019
2019-05-31,Quezon City,12.0,0.8,16.2,43,0,2019
2019-05-31,Marikina,11.9,0.6,28.0,15,0,2019
2019-05-31,Manila,0.5,0.7,11.0,5,0,2019
2019-05-31,Pasig,0.7,0.5,11.7,5,0,2019
2019-06-01,Quezon City,7.7,1.3,18.1,43,0,2019
2019-06-01,Marikina,15.6,0.7,27.4,15,0,2019
2019-06-01,Manila,7.4,0.5,23.1,5,0,2019
2019-06-01,Pasig,4.7,0.5,12.6,5,0,2019
2019-06-02,Quezon City,11.1,2.8,14.6,43,0,2019
2019-06-02,Marikina,3.9,0.5,13.2,15,0,2019
2019-06-02,Manila,4.2,1.0,14.0,5,0,2019
2019-06-02,Pasig,11.8,0.5,14.4,5,0,2019
2019-06-03,Quezon City,10.9,1.4,14.7,43,0,2019
2019-06-03,Marikina,8.1,2.0,19.7,15,0,2019
2019-06-03,Manila,17.9,1.4,13.2,5,0,2019
2019-06-03,Pasig,5.8,0.5,6.7,5,0,2019
2019-06-04,Quezon City,17.7,3.9,15.7,43,0,2019
2019-06-04,Marikina,0.4,0.6,5.9,15,0,2019
2019-06-04,Manila,0.5,1.3,6.8,5,0,2019
2019-06-04,Pasig,12.8,2.1,24.7,5,0,2019
2019-06-05,Quezon City,6.9,1.9,20.5,43,0,2019
2019-06-05,Marikina,9.4,2.9,10.0,15,0,2019
2019-06-05,Manila,2.6,0.5,12.7,5,0,2019
2019-06-05,Pasig,2.9,0.5,13.0,5,0,2019
2019-06-06,Quezon City,8.6,0.5,13.2,43,0,2019
2019-06-06,Marikina,6.7,0.5,21.5,15,0,2019
2019-06-06,Manila,2.3,1.6,20.1,5,0,2019
2019-06-06,Pasig,7.4,1.4,10.5,5,0,2019
2019-06-07,Quezon City,1.1,0.5,17.2,43,0,2019
2019-06-07,Marikina,11.1,2.2,10.1,15,0,2019
2019-06-07,Manila,3.7,0.5,22.2,5,0,2019
2019-06-07,Pasig,15.7,0.5,19.4,5,0,2019
2019-06-08,Quezon City,9.4,1.2,23.0,43,0,2019
2019-06-08,Marikina,25.4,0.8,18.2,15,0,2019
2019-06-08,Manila,5.4,0.5,19.2,5,0,2019
2019-06-08,Pasig,12.7,1.0,26.4,5,0,2019
2019-06-09,Quezon City,3.0,0.9,13.2,43,0,2019
2019-06-09,Marikina,9.5,0.5,12.5,15,0,2019
2019-06-09,Manila,5.0,2.1,18.5,5,0,2019
2019-06-09,Pasig,2.9,1.7,15.1,5,0,2019
2019-06-10,Quezon City,20.7,1.3,25.2,43,0,2019
2019-06-10,Marikina,27.7,3.6,20.5,15,0,2019
2019-06-10,Manila,26.2,2.2,21.3,5,0,2019
2019-06-10,Pasig,12.4,1.7,8.7,5,0,2019
2019-06-11,Quezon City,13.9,0.5,19.9,43,0,2019
2019-06-11,Marikina,18.3,2.0,20.5,15,0,2019
2019-06-11,Manila,10.8,1.8,10.2,5,0,2019
2019-06-11,Pasig,7.7,1.6,19.6,5,0,2019
2019-06-12,Quezon City,13.8,2.6,21.9,43,0,2019
2019-06-12,Marikina,6.6,0.5,10.7,15,0,2019
2019-06-12,Manila,3.1,0.5,11.1,5,0,2019
2019-06-12,Pasig,11.9,0.5,18.5,5,0,2019
2019-06-13,Quezon City,5.3,0.5,17.3,43,0,2019
2019-06-13,Marikina,21.5,5.0,21.6,15,0,2019
2019-06-13,Manila,10.8,1.0,16.3,5,0,2019
2019-06-13,Pasig,13.1,0.5,20.7,5,0,2019
2019-06-14,Quezon City,12.7,1.9,18.4,43,0,2019
2019-06-14,Marikina,12.1,1.3,9.6,15,0,2019
2019-06-14,Manila,2.7,0.5,11.0,5,0,2019
2019-06-14,Pasig,5.3,1.0,13.2,5,0,2019
2019-06-15,Quezon City,5.4,0.5,17.4,43,0,2019
2019-06-15,Marikina,3.3,0.5,9.6,15,0,2019
2019-06-15,Manila,8.7,1.9,20.3,5,0,2019
2019-06-15,Pasig,2.0,1.7,17.0,5,0,2019
2019-06-16,Quezon City,3.9,0.5,13.1,43,0,2019
2019-06-16,Marikina,3.4,0.5,19.0,15,0,2019
2019-06-16,Manila,10.8,0.6,23.9,5,0,2019
2019-06-16,Pasig,8.5,0.7,21.1,5,0,2019
2019-06-17,Quezon City,9.5,0.6,19.5,43,0,2019
2019-06-17,Marikina,6.0,1.2,16.1,15,0,2019
2019-06-17,Manila,4.7,0.8,12.8,5,0,2019
2019-06-17,Pasig,3.3,1.2,15.1,5,0,2019
2019-06-18,Quezon City,11.1,1.4,17.3,43,0,2019
2019-06-18,Marikina,1.2,0.5,16.3,15,0,2019
2019-06-18,Manila,4.2,0.5,11.7,5,0,2019
2019-06-18,Pasig,17.7,1.9,16.3,5,0,2019
2019-06-19,Quezon City,10.7,1.6,15.1,43,0,2019
2019-06-19,Marikina,7.6,2.8,19.6,15,0,2019
2019-06-19,Manila,3.5,1.6,8.5,5,0,2019
2019-06-19,Pasig,2.8,2.0,16.5,5,0,2019
2019-06-20,Quezon City,3.4,1.6,15.0,43,0,2019
2019-06-20,Marikina,8.0,0.5,5.0,15,0,2019
2019-06-20,Manila,2.4,0.5,24.0,5,0,2019
2019-06-20,Pasig,6.1,0.5,16.8,5,0,2019
2019-06-21,Quezon City,11.2,0.5,12.2,43,0,2019
2019-06-21,Marikina,30.0,3.9,19.9,15,1,2019
2019-06-21,Manila,5.8,0.5,12.9,5,0,2019
2019-06-21,Pasig,7.4,1.5,10.7,5,0,2019
2019-06-22,Quezon City,3.4,0.5,12.1,43,0,2019
2019-06-22,Marikina,6.5,0.8,19.1,15,0,2019
2019-06-22,Manila,9.5,2.7,14.8,5,0,2019
2019-06-22,Pasig,8.1,0.5,22.5,5,0,2019
2019-06-23,Quezon City,42.3,2.2,21.3,43,1,2019
2019-06-23,Marikina,30.9,1.3,26.7,15,1,2019
2019-06-23,Manila,21.7,1.3,27.5,5,0,2019
2019-06-23,Pasig,1.2,1.2,8.0,5,0,2019
2019-06-24,Quezon City,8.2,1.5,10.6,43,0,2019
2019-06-24,Marikina,7.4,0.5,12.3,15,0,2019
2019-06-24,Manila,2.3,0.9,11.1,5,0,2019
2019-06-24,Pasig,1.8,0.9,13.3,5,0,2019
2019-06-25,Quezon City,10.1,0.5,11.0,43,0,2019
2019-06-25,Marikina,5.2,2.5,18.1,15,0,2019
2019-06-25,Manila,3.9,0.7,11.1,5,0,2019
2019-06-25,Pasig,8.7,1.5,14.0,5,0,2019
2019-06-26,Quezon City,8.3,1.8,5.0,43,0,2019
2019-06-26,Marikina,6.3,0.5,15.8,15,0,2019
2019-06-26,Manila,1.9,2.2,14.6,5,0,2019
2019-06-26,Pasig,7.3,2.0,9.5,5,0,2019
2019-06-27,Quezon City,4.2,1.6,9.0,43,0,2019
2019-06-27,Marikina,7.4,1.4,11.4,15,0,2019
2019-06-27,Manila,1.7,0.5,14.3,5,0,2019
2019-06-27,Pasig,11.4,1.7,21.2,5,0,2019
2019-06-28,Quezon City,10.9,1.5,13.1,43,0,2019
2019-06-28,Marikina,13.0,0.8,24.5,15,0,2019
2019-06-28,Manila,14.8,0.5,24.4,5,0,2019
2019-06-28,Pasig,7.5,0.5,10.2,5,0,2019
2019-06-29,Quezon City,8.1,0.6,13.2,43,0,2019
2019-06-29,Marikina,8.5,0.5,13.3,15,0,2019
2019-06-29,Manila,13.6,2.2,16.0,5,0,2019
2019-06-29,Pasig,11.6,0.5,16.4,5,0,2019
2019-06-30,Quezon City,8.3,3.8,11.1,43,0,2019
2019-06-30,Marikina,2.5,0.6,16.0,15,0,2019
2019-06-30,Manila,5.4,0.7,10.4,5,0,2019
2019-06-30,Pasig,13.6,0.5,23.1,5,0,2019
2019-07-01,Quezon City,14.2,0.6,19.9,43,0,2019
2019-07-01,Marikina,3.7,0.5,15.1,15,0,2019
2019-07-01,Manila,2.7,0.5,19.5,5,0,2019
2019-07-01,Pasig,7.1,0.5,14.7,5,0,2019
2019-07-02,Quezon City,8.7,1.8,19.7,43,0,2019
2019-07-02,Marikina,28.6,4.1,22.1,15,0,2019
2019-07-02,Manila,24.9,1.7,19.2,5,0,2019
2019-07-02,Pasig,1.3,0.5,5.0,5,0,2019
2019-07-03,Quezon City,5.9,0.5,16.4,43,0,2019
2019-07-03,Marikina,26.8,3.5,22.1,15,0,2019
2019-07-03,Manila,11.2,2.6,16.7,5,0,2019
2019-07-03,Pasig,4.2,0.5,5.6,5,0,2019
2019-07-04,Quezon City,5.0,0.5,17.0,43,0,2019
2019-07-04,Marikina,10.4,0.5,20.5,15,0,2019
2019-07-04,Manila,4.7,0.5,12.9,5,0,2019
2019-07-04,Pasig,16.9,1.1,12.1,5,0,2019
2019-07-05,Quezon City,7.7,0.8,11.6,43,0,2019
2019-07-05,Marikina,17.4,1.0,19.3,15,0,2019
2019-07-05,Manila,11.4,2.6,17.7,5,0,2019
2019-07-05,Pasig,6.5,1.0,16.0,5,0,2019
2019-07-06,Quezon City,16.0,1.2,22.7,43,0,2019
2019-07-06,Marikina,11.6,3.9,14.6,15,0,2019
2019-07-06,Manila,16.4,1.1,21.7,5,0,2019
2019-07-06,Pasig,8.1,0.9,9.2,5,0,2019
2019-07-07,Quezon City,3.5,1.1,7.5,43,0,2019
2019-07-07,Marikina,12.7,2.1,7.7,15,0,2019
2019-07-07,Manila,12.4,1.1,14.6,5,0,2019
2019-07-07,Pasig,9.1,0.8,14.4,5,0,2019
2019-07-08,Quezon City,8.4,0.6,12.6,43,0,2019
2019-07-08,Marikina,18.3,1.9,15.7,15,0,2019
2019-07-08,Manila,11.4,1.5,11.0,5,0,2019
2019-07-08,Pasig,3.4,2.0,13.0,5,0,2019
2019-07-09,Quezon City,28.9,3.1,22.5,43,0,2019
2019-07-09,Marikina,7.8,0.5,5.5,15,0,2019
2019-07-09,Manila,10.3,0.6,16.2,5,0,2019
2019-07-09,Pasig,35.4,3.3,27.1,5,1,2019
2019-07-10,Quezon City,3.4,0.5,11.1,43,0,2019
2019-07-10,Marikina,6.0,0.8,27.6,15,0,2019
2019-07-10,Manila,10.7,0.5,7.6,5,0,2019
2019-07-10,Pasig,2.1,1.0,13.9,5,0,2019
2019-07-11,Quezon City,7.6,1.2,14.4,43,0,2019
2019-07-11,Marikina,8.6,0.5,13.9,15,0,2019
2019-07-11,Manila,22.7,3.8,15.9,5,0,2019
2019-07-11,Pasig,14.0,3.5,13.1,5,0,2019
2019-07-12,Quezon City,6.8,0.5,17.9,43,0,2019
2019-07-12,Marikina,4.0,0.5,6.7,15,0,2019
2019-07-12,Manila,9.1,0.5,28.9,5,0,2019
2019-07-12,Pasig,12.7,1.3,5.8,5,0,2019
2019-07-13,Quezon City,12.4,0.5,20.1,43,0,2019
2019-07-13,Marikina,9.6,0.5,20.8,15,0,2019
2019-07-13,Manila,9.8,1.4,18.1,5,0,2019
2019-07-13,Pasig,9.0,0.5,10.7,5,0,2019
2019-07-14,Quezon City,30.0,3.1,25.9,43,1,2019
2019-07-14,Marikina,5.0,0.6,17.8,15,0,2019
2019-07-14,Manila,12.7,0.6,10.8,5,0,2019
2019-07-14,Pasig,1.5,0.5,12.3,5,0,2019
2019-07-15,Quezon City,16.1,1.9,25.3,43,0,2019
2019-07-15,Marikina,21.0,1.6,29.8,15,0,2019
2019-07-15,Manila,12.9,1.2,28.4,5,0,2019
2019-07-15,Pasig,5.1,2.7,15.4,5,0,2019
2019-07-16,Quezon City,4.5,0.5,24.4,43,0,2019
2019-07-16,Marikina,11.1,0.6,23.5,15,0,2019
2019-07-16,Manila,11.6,2.0,7.5,5,0,2019
2019-07-16,Pasig,7.0,0.8,5.5,5,0,2019
2019-07-17,Quezon City,12.6,2.6,13.6,43,0,2019
2019-07-17,Marikina,2.2,1.8,13.0,15,0,2019
2019-07-17,Manila,12.6,2.0,18.3,5,0,2019
2019-07-17,Pasig,32.8,4.1,24.9,5,1,2019
2019-07-18,Quezon City,7.0,1.6,6.3,43,0,2019
2019-07-18,Marikina,8.3,1.1,13.1,15,0,2019
2019-07-18,Manila,9.8,1.5,19.1,5,0,2019
2019-07-18,Pasig,9.3,1.1,18.6,5,0,2019
2019-07-19,Quezon City,0.8,0.5,8.6,43,0,2019
2019-07-19,Marikina,8.8,2.0,14.7,15,0,2019
2019-07-19,Manila,1.7,0.8,7.5,5,0,2019
2019-07-19,Pasig,8.1,1.1,10.3,5,0,2019
2019-07-20,Quezon City,7.6,1.6,8.1,43,0,2019
2019-07-20,Marikina,6.4,2.3,20.3,15,0,2019
2019-07-20,Manila,5.2,2.5,9.5,5,0,2019
2019-07-20,Pasig,35.3,4.2,27.9,5,1,2019
2019-07-21,Quezon City,9.4,1.2,16.2,43,0,2019
2019-07-21,Marikina,12.3,2.9,11.6,15,0,2019
2019-07-21,Manila,10.7,0.5,12.3,5,0,2019
2019-07-21,Pasig,14.2,0.5,25.7,5,0,2019
2019-07-22,Quezon City,7.5,0.6,20.6,43,0,2019
2019-07-22,Marikina,18.8,1.5,7.4,15,0,2019
2019-07-22,Manila,29.2,3.9,26.1,5,0,2019
2019-07-22,Pasig,12.7,1.3,11.3,5,0,2019
2019-07-23,Quezon City,8.1,2.3,13.9,43,0,2019
2019-07-23,Marikina,37.6,3.5,24.4,15,1,2019
2019-07-23,Manila,8.4,0.5,20.5,5,0,2019
2019-07-23,Pasig,2.4,1.0,18.8,5,0,2019
2019-07-24,Quezon City,2.3,0.5,12.6,43,0,2019
2019-07-24,Marikina,4.2,1.4,17.7,15,0,2019
2019-07-24,Manila,5.1,1.0,12.4,5,0,2019
2019-07-24,Pasig,13.9,0.7,20.6,5,0,2019
2019-07-25,Quezon City,14.8,1.4,20.6,43,0,2019
2019-07-25,Marikina,33.5,3.1,26.8,15,1,2019
2019-07-25,Manila,3.4,0.5,7.5,5,0,2019
2019-07-25,Pasig,4.8,0.5,5.6,5,0,2019
2019-07-26,Quezon City,4.5,0.6,11.9,43,0,2019
2019-07-26,Marikina,3.0,1.3,15.8,15,0,2019
2019-07-26,Manila,12.8,3.7,19.8,5,0,2019
2019-07-26,Pasig,3.3,0.5,7.2,5,0,2019
2019-07-27,Quezon City,10.1,2.0,7.6,43,0,2019
2019-07-27,Marikina,0.9,0.6,6.2,15,0,2019
2019-07-27,Manila,8.1,1.7,9.7,5,0,2019
2019-07-27,Pasig,45.6,2.8,35.3,5,1,2019
2019-07-28,Quezon City,6.9,0.5,16.9,43,0,2019
2019-07-28,Marikina,4.3,0.9,16.8,15,0,2019
2019-07-28,Manila,20.3,1.5,23.9,5,0,2019
2019-07-28,Pasig,4.9,0.5,6.9,5,0,2019
2019-07-29,Quezon City,13.9,2.4,12.8,43,0,2019
2019-07-29,Marikina,10.4,1.6,19.3,15,0,2019
2019-07-29,Manila,11.3,0.5,12.0,5,0,2019
2019-07-29,Pasig,10.5,0.8,12.9,5,0,2019
2019-07-30,Quezon City,4.3,0.5,12.3,43,0,2019
2019-07-30,Marikina,7.5,0.6,14.1,15,0,2019
2019-07-30,Manila,4.7,1.2,8.3,5,0,2019
2019-07-30,Pasig,8.2,1.5,17.7,5,0,2019
2019-07-31,Quezon City,16.0,2.3,17.4,43,0,2019
2019-07-31,Marikina,5.7,0.5,18.8,15,0,2019
2019-07-31,Manila,3.4,0.5,8.4,5,0,2019
2019-07-31,Pasig,17.4,2.7,12.8,5,0,2019
2019-08-01,Quezon City,12.1,1.8,6.4,43,0,2019
2019-08-01,Marikina,7.2,2.0,6.1,15,0,2019
2019-08-01,Manila,5.7,0.5,17.6,5,0,2019
2019-08-01,Pasig,10.0,2.7,20.5,5,0,2019
2019-08-02,Quezon City,1.6,0.9,12.8,43,0,2019
2019-08-02,Marikina,6.6,0.5,18.4,15,0,2019
2019-08-02,Manila,23.0,2.1,31.1,5,0,2019
2019-08-02,Pasig,6.3,1.2,15.1,5,0,2019
2019-08-03,Quezon City,7.9,0.5,21.6,43,0,2019
2019-08-03,Marikina,12.7,3.5,15.8,15,0,2019
2019-08-03,Manila,9.7,2.0,20.3,5,0,2019
2019-08-03,Pasig,2.7,2.1,8.3,5,0,2019
2019-08-04,Quezon City,3.8,0.5,18.2,43,0,2019
2019-08-04,Marikina,21.9,2.9,12.9,15,0,2019
2019-08-04,Manila,7.4,0.5,12.9,5,0,2019
2019-08-04,Pasig,2.3,0.5,19.6,5,0,2019
2019-08-05,Quezon City,3.1,0.5,7.0,43,0,2019
2019-08-05,Marikina,3.9,0.5,6.6,15,0,2019
2019-08-05,Manila,6.2,0.5,14.5,5,0,2019
2019-08-05,Pasig,13.4,2.1,13.9,5,0,2019
2019-08-06,Quezon City,17.7,2.1,10.8,43,0,2019
2019-08-06,Marikina,13.6,0.5,20.9,15,0,2019
2019-08-06,Manila,1.4,0.5,18.3,5,0,2019
2019-08-06,Pasig,5.6,0.5,14.8,5,0,2019
2019-08-07,Quezon City,15.0,2.3,15.4,43,0,2019
2019-08-07,Marikina,3.4,0.5,15.1,15,0,2019
2019-08-07,Manila,18.6,3.7,17.0,5,0,2019
2019-08-07,Pasig,4.4,0.5,11.6,5,0,2019
2019-08-08,Quezon City,15.3,2.9,23.5,43,0,2019
2019-08-08,Marikina,12.0,0.5,15.6,15,0,2019
2019-08-08,Manila,13.8,2.7,15.5,5,0,2019
2019-08-08,Pasig,17.6,1.2,10.7,5,0,2019
2019-08-09,Quezon City,5.4,2.0,5.0,43,0,2019
2019-08-09,Marikina,9.1,0.5,21.6,15,0,2019
2019-08-09,Manila,2.4,0.8,5.0,5,0,2019
2019-08-09,Pasig,1.7,1.9,18.1,5,0,2019
2019-08-10,Quezon City,14.5,3.7,17.3,43,0,2019
2019-08-10,Marikina,33.0,4.3,28.1,15,1,2019
2019-08-10,Manila,25.8,1.8,19.5,5,0,2019
2019-08-10,Pasig,9.1,0.5,15.5,5,0,2019
2019-08-11,Quezon City,6.5,2.0,12.0,43,0,2019
2019-08-11,Marikina,18.3,0.7,14.9,15,0,2019
2019-08-11,Manila,2.9,0.5,5.0,5,0,2019
2019-08-11,Pasig,0.9,1.7,6.1,5,0,2019
2019-08-12,Quezon City,17.8,1.3,17.4,43,0,2019
2019-08-12,Marikina,9.4,1.3,11.4,15,0,2019
2019-08-12,Manila,4.3,0.5,9.2,5,0,2019
2019-08-12,Pasig,14.7,1.7,16.4,5,0,2019
2019-08-13,Quezon City,25.7,2.4,17.0,43,0,2019
2019-08-13,Marikina,5.5,0.8,16.6,15,0,2019
2019-08-13,Manila,3.5,0.5,16.2,5,0,2019
2019-08-13,Pasig,21.1,1.3,22.7,5,0,2019
2019-08-14,Quezon City,3.1,0.5,6.6,43,0,2019
2019-08-14,Marikina,7.7,0.9,8.5,15,0,2019
2019-08-14,Manila,19.2,1.5,13.5,5,0,2019
2019-08-14,Pasig,11.0,1.8,13.2,5,0,2019
2019-08-15,Quezon City,16.2,2.2,5.0,43,0,2019
2019-08-15,Marikina,19.7,1.8,8.3,15,0,2019
2019-08-15,Manila,6.2,2.9,13.2,5,0,2019
2019-08-15,Pasig,9.9,2.5,13.9,5,0,2019
2019-08-16,Quezon City,6.9,1.5,15.2,43,0,2019
2019-08-16,Marikina,3.7,0.5,12.1,15,0,2019
2019-08-16,Manila,6.5,1.2,8.9,5,0,2019
2019-08-16,Pasig,0.3,0.5,5.0,5,0,2019
2019-08-17,Quezon City,8.6,0.8,21.6,43,0,2019
2019-08-17,Marikina,5.2,0.5,15.9,15,0,2019
2019-08-17,Manila,6.2,0.5,8.2,5,0,2019
2019-08-17,Pasig,26.9,2.5,18.9,5,0,2019
2019-08-18,Quezon City,5.5,0.5,15.5,43,0,2019
2019-08-18,Marikina,1.3,0.5,10.8,15,0,2019
2019-08-18,Manila,27.5,3.7,27.9,5,0,2019
2019-08-18,Pasig,0.5,0.5,13.8,5,0,2019
2019-08-19,Quezon City,10.7,0.5,9.3,43,0,2019
2019-08-19,Marikina,6.0,0.5,7.7,15,0,2019
2019-08-19,Manila,2.3,0.5,8.3,5,0,2019
2019-08-19,Pasig,8.4,0.5,14.8,5,0,2019
2019-08-20,Quezon City,5.4,2.0,12.6,43,0,2019
2019-08-20,Marikina,2.0,0.5,16.7,15,0,2019
2019-08-20,Manila,3.1,0.5,13.3,5,0,2019
2019-08-20,Pasig,18.4,2.0,11.2,5,0,2019
2019-08-21,Quezon City,16.0,1.1,20.5,43,0,2019
2019-08-21,Marikina,3.1,0.7,18.9,15,0,2019
2019-08-21,Manila,18.9,1.7,25.8,5,0,2019
2019-08-21,Pasig,4.8,0.5,11.1,5,0,2019
2019-08-22,Quezon City,2.8,0.5,10.5,43,0,2019
2019-08-22,Marikina,15.3,1.2,19.2,15,0,2019
2019-08-22,Manila,18.7,0.9,26.7,5,0,2019
2019-08-22,Pasig,6.0,0.5,14.9,5,0,2019
2019-08-23,Quezon City,12.4,1.2,5.0,43,0,2019
2019-08-23,Marikina,2.6,0.5,17.7,15,0,2019
2019-08-23,Manila,17.7,2.3,21.5,5,0,2019
2019-08-23,Pasig,6.5,0.5,14.7,5,0,2019
2019-08-24,Quezon City,10.7,0.5,18.9,43,0,2019
2019-08-24,Marikina,3.8,0.5,19.7,15,0,2019
2019-08-24,Manila,11.5,1.1,12.7,5,0,2019
2019-08-24,Pasig,1.4,0.5,5.0,5,0,2019
2019-08-25,Quezon City,4.1,2.4,17.3,43,0,2019
2019-08-25,Marikina,6.4,0.5,11.7,15,0,2019
2019-08-25,Manila,26.0,2.7,20.7,5,0,2019
2019-08-25,Pasig,18.8,1.1,19.5,5,0,2019
2019-08-26,Quezon City,12.2,1.1,23.1,43,0,2019
2019-08-26,Marikina,1.6,1.5,8.0,15,0,2019
2019-08-26,Manila,21.2,1.5,8.5,5,0,2019
2019-08-26,Pasig,5.7,1.9,14.6,5,0,2019
2019-08-27,Quezon City,11.4,0.5,15.6,43,0,2019
2019-08-27,Marikina,12.9,0.5,18.6,15,0,2019
2019-08-27,Manila,22.7,1.7,29.0,5,0,2019
2019-08-27,Pasig,9.7,2.0,8.6,5,0,2019
2019-08-28,Quezon City,4.4,2.1,10.3,43,0,2019
2019-08-28,Marikina,9.8,1.8,13.7,15,0,2019
2019-08-28,Manila,5.8,0.5,8.6,5,0,2019
2019-08-28,Pasig,10.8,2.6,15.4,5,0,2019
2019-08-29,Quezon City,12.6,1.7,10.2,43,0,2019
2019-08-29,Marikina,9.8,1.8,19.4,15,0,2019
2019-08-29,Manila,7.3,0.5,14.9,5,0,2019
2019-08-29,Pasig,6.9,0.9,9.6,5,0,2019
2019-08-30,Quezon City,8.5,0.5,9.5,43,0,2019
2019-08-30,Marikina,22.2,2.9,24.6,15,0,2019
2019-08-30,Manila,2.3,0.5,9.5,5,0,2019
2019-08-30,Pasig,10.6,1.6,15.1,5,0,2019
2019-08-31,Quezon City,10.6,0.8,23.5,43,0,2019
2019-08-31,Marikina,2.7,0.5,12.9,15,0,2019
2019-08-31,Manila,3.9,0.5,17.8,5,0,2019
2019-08-31,Pasig,13.8,0.5,19.5,5,0,2019
2019-09-01,Quezon City,3.5,1.8,8.2,43,0,2019
2019-09-01,Marikina,7.7,0.5,16.8,15,0,2019
2019-09-01,Manila,3.2,0.5,11.6,5,0,2019
2019-09-01,Pasig,6.5,0.5,20.2,5,0,2019
2019-09-02,Quezon City,4.1,0.5,6.9,43,0,2019
2019-09-02,Marikina,11.4,1.9,15.0,15,0,2019
2019-09-02,Manila,14.6,0.5,17.1,5,0,2019
2019-09-02,Pasig,2.7,1.4,5.0,5,0,2019
2019-09-03,Quezon City,6.5,1.2,22.7,43,0,2019
2019-09-03,Marikina,8.8,0.5,6.6,15,0,2019
2019-09-03,Manila,8.6,0.9,12.4,5,0,2019
2019-09-03,Pasig,6.0,1.4,9.9,5,0,2019
2019-09-04,Quezon City,6.7,1.7,13.7,43,0,2019
2019-09-04,Marikina,7.8,0.5,9.5,15,0,2019
2019-09-04,Manila,1.7,0.5,8.9,5,0,2019
2019-09-04,Pasig,3.5,2.7,19.5,5,0,2019
2019-09-05,Quezon City,25.2,2.5,20.4,43,0,2019
2019-09-05,Marikina,26.9,1.9,14.8,15,0,2019
2019-09-05,Manila,4.5,0.5,9.4,5,0,2019
2019-09-05,Pasig,19.7,2.3,26.5,5,0,2019
2019-09-06,Quezon City,11.4,0.5,18.6,43,0,2019
2019-09-06,Marikina,10.3,0.9,19.5,15,0,2019
2019-09-06,Manila,3.7,0.5,18.9,5,0,2019
2019-09-06,Pasig,7.3,0.5,16.8,5,0,2019
2019-09-07,Quezon City,10.5,1.6,17.9,43,0,2019
2019-09-07,Marikina,6.2,1.2,9.6,15,0,2019
2019-09-07,Manila,8.5,2.9,14.8,5,0,2019
2019-09-07,Pasig,7.5,1.6,16.8,5,0,2019
2019-09-08,Quezon City,5.8,0.5,16.1,43,0,2019
2019-09-08,Marikina,14.0,2.9,9.3,15,0,2019
2019-09-08,Manila,5.2,0.5,5.4,5,0,2019
2019-09-08,Pasig,15.8,0.5,11.2,5,0,2019
2019-09-09,Quezon City,20.7,1.5,21.1,43,0,2019
2019-09-09,Marikina,5.0,0.5,18.0,15,0,2019
2019-09-09,Manila,13.1,1.3,27.6,5,0,2019
2019-09-09,Pasig,23.1,0.8,25.2,5,0,2019
2019-09-10,Quezon City,5.9,1.2,11.0,43,0,2019
2019-09-10,Marikina,6.9,1.1,11.5,15,0,2019
2019-09-10,Manila,2.3,0.5,8.7,5,0,2019
2019-09-10,Pasig,5.6,1.9,26.3,5,0,2019
2019-09-11,Quezon City,20.8,0.9,15.2,43,0,2019
2019-09-11,Marikina,3.9,0.5,9.3,15,0,2019
2019-09-11,Manila,4.7,1.1,11.1,5,0,2019
2019-09-11,Pasig,3.6,1.3,15.3,5,0,2019
2019-09-12,Quezon City,10.2,2.3,8.4,43,0,2019
2019-09-12,Marikina,24.5,2.4,22.3,15,0,2019
2019-09-12,Manila,12.2,1.1,7.9,5,0,2019
2019-09-12,Pasig,19.2,2.1,20.6,5,0,2019
2019-09-13,Quezon City,4.6,1.9,14.6,43,0,2019
2019-09-13,Marikina,23.0,1.5,17.4,15,0,2019
2019-09-13,Manila,24.3,1.7,22.6,5,0,2019
2019-09-13,Pasig,30.8,3.5,23.2,5,1,2019
2019-09-14,Quezon City,16.6,1.0,21.7,43,0,2019
2019-09-14,Marikina,17.2,0.5,18.5,15,0,2019
2019-09-14,Manila,16.6,2.9,22.0,5,0,2019
2019-09-14,Pasig,15.8,2.9,23.5,5,0,2019
2019-09-15,Quezon City,18.2,2.6,20.2,43,0,2019
2019-09-15,Marikina,1.9,0.5,9.0,15,0,2019
2019-09-15,Manila,19.2,2.0,17.9,5,0,2019
2019-09-15,Pasig,6.7,1.3,7.5,5,0,2019
2019-09-16,Quezon City,9.1,0.5,14.4,43,0,2019
2019-09-16,Marikina,19.5,2.8,17.9,15,0,2019
2019-09-16,Manila,12.9,1.6,26.4,5,0,2019
2019-09-16,Pasig,1.4,0.5,9.3,5,0,2019
2019-09-17,Quezon City,7.9,0.5,8.8,43,0,2019
2019-09-17,Marikina,12.5,0.5,13.4,15,0,2019
2019-09-17,Manila,1.6,1.0,7.9,5,0,2019
2019-09-17,Pasig,1.3,0.8,13.8,5,0,2019
2019-09-18,Quezon City,17.0,3.7,12.7,43,0,2019
2019-09-18,Marikina,19.5,1.4,21.0,15,0,2019
2019-09-18,Manila,2.6,0.5,8.7,5,0,2019
2019-09-18,Pasig,4.2,0.5,13.8,5,0,2019
2019-09-19,Quezon City,14.5,1.8,15.7,43,0,2019
2019-09-19,Marikina,1.1,0.5,8.0,15,0,2019
2019-09-19,Manila,17.4,2.2,12.0,5,0,2019
2019-09-19,Pasig,9.1,0.7,6.7,5,0,2019
2019-09-20,Quezon City,7.6,1.1,15.6,43,0,2019
2019-09-20,Marikina,12.3,1.9,9.1,15,0,2019
2019-09-20,Manila,7.4,0.5,10.3,5,0,2019
2019-09-20,Pasig,5.6,1.9,10.2,5,0,2019
2019-09-21,Quezon City,29.2,3.1,27.1,43,0,2019
2019-09-21,Marikina,7.7,0.9,12.2,15,0,2019
2019-09-21,Manila,1.7,0.5,5.7,5,0,2019
2019-09-21,Pasig,12.6,0.5,13.4,5,0,2019
2019-09-22,Quezon City,5.6,1.2,10.5,43,0,2019
2019-09-22,Marikina,11.9,2.8,17.2,15,0,2019
2019-09-22,Manila,3.2,0.5,8.5,5,0,2019
2019-09-22,Pasig,6.7,1.8,12.0,5,0,2019
2019-09-23,Quezon City,15.1,1.7,23.5,43,0,2019
2019-09-23,Marikina,0.8,2.6,5.0,15,0,2019
2019-09-23,Manila,7.8,1.8,5.0,5,0,2019
2019-09-23,Pasig,9.0,2.5,17.9,5,0,2019
2019-09-24,Quezon City,16.8,0.8,27.7,43,0,2019
2019-09-24,Marikina,6.9,2.1,11.7,15,0,2019
2019-09-24,Manila,4.9,1.1,16.7,5,0,2019
2019-09-24,Pasig,2.2,0.5,5.0,5,0,2019
2019-09-25,Quezon City,0.3,0.5,8.3,43,0,2019
2019-09-25,Marikina,16.1,2.1,30.4,15,0,2019
2019-09-25,Manila,12.4,2.5,17.6,5,0,2019
2019-09-25,Pasig,3.4,0.5,10.5,5,0,2019
2019-09-26,Quezon City,7.7,1.5,17.0,43,0,2019
2019-09-26,Marikina,21.2,1.7,16.0,15,0,2019
2019-09-26,Manila,5.4,0.5,24.8,5,0,2019
2019-09-26,Pasig,8.9,0.5,11.7,5,0,2019
2019-09-27,Quezon City,16.6,2.5,17.0,43,0,2019
2019-09-27,Marikina,6.8,0.5,16.7,15,0,2019
2019-09-27,Manila,8.3,0.6,18.3,5,0,2019
2019-09-27,Pasig,6.0,0.5,7.8,5,0,2019
2019-09-28,Quezon City,9.9,1.2,24.4,43,0,2019
2019-09-28,Marikina,4.4,2.0,7.3,15,0,2019
2019-09-28,Manila,9.7,2.4,13.7,5,0,2019
2019-09-28,Pasig,4.5,0.5,18.5,5,0,2019
2019-09-29,Quezon City,8.7,2.1,10.1,43,0,2019
2019-09-29,Marikina,2.3,0.9,5.0,15,0,2019
2019-09-29,Manila,3.9,0.6,14.0,5,0,2019
2019-09-29,Pasig,8.8,2.5,19.9,5,0,2019
2019-09-30,Quezon City,14.8,1.1,18.2,43,0,2019
2019-09-30,Marikina,3.2,0.5,19.7,15,0,2019
2019-09-30,Manila,8.3,1.5,21.5,5,0,2019
2019-09-30,Pasig,7.3,0.5,19.3,5,0,2019
2019-10-01,Quezon City,11.2,0.5,16.7,43,0,2019
2019-10-01,Marikina,20.2,2.5,23.2,15,0,2019
2019-10-01,Manila,10.5,0.5,13.3,5,0,2019
2019-10-01,Pasig,21.9,2.8,16.1,5,0,2019
2019-10-02,Quezon City,27.3,4.1,17.8,43,0,2019
2019-10-02,Marikina,7.1,0.5,13.7,15,0,2019
2019-10-02,Manila,10.1,0.8,16.9,5,0,2019
2019-10-02,Pasig,12.8,1.0,24.8,5,0,2019
2019-10-03,Quezon City,5.6,0.5,9.2,43,0,2019
2019-10-03,Marikina,14.1,0.6,20.2,15,0,2019
2019-10-03,Manila,8.1,0.6,6.4,5,0,2019
2019-10-03,Pasig,13.4,1.3,19.3,5,0,2019
2019-10-04,Quezon City,14.1,0.5,19.7,43,0,2019
2019-10-04,Marikina,10.1,1.8,22.2,15,0,2019
2019-10-04,Manila,8.6,0.9,11.5,5,0,2019
2019-10-04,Pasig,4.0,0.7,18.0,5,0,2019
2019-10-05,Quezon City,12.5,0.5,13.9,43,0,2019
2019-10-05,Marikina,5.9,0.5,14.7,15,0,2019
2019-10-05,Manila,11.6,1.4,16.6,5,0,2019
2019-10-05,Pasig,0.6,0.5,12.6,5,0,2019
2019-10-06,Quezon City,14.1,2.4,14.4,43,0,2019
2019-10-06,Marikina,3.7,0.5,5.0,15,0,2019
2019-10-06,Manila,10.6,2.1,18.9,5,0,2019
2019-10-06,Pasig,15.3,0.5,19.2,5,0,2019
2019-10-07,Quezon City,3.6,0.7,20.9,43,0,2019
2019-10-07,Marikina,14.6,1.3,17.5,15,0,2019
2019-10-07,Manila,4.2,1.3,10.9,5,0,2019
2019-10-07,Pasig,2.5,0.5,7.7,5,0,2019
2019-10-08,Quezon City,10.7,1.0,21.9,43,0,2019
2019-10-08,Marikina,4.8,0.5,14.2,15,0,2019
2019-10-08,Manila,1.4,2.1,7.0,5,0,2019
2019-10-08,Pasig,4.9,1.2,12.6,5,0,2019
2019-10-09,Quezon City,2.0,0.5,10.3,43,0,2019
2019-10-09,Marikina,2.9,0.5,14.6,15,0,2019
2019-10-09,Manila,14.5,3.2,14.3,5,0,2019
2019-10-09,Pasig,6.0,1.0,13.4,5,0,2019
2019-10-10,Quezon City,34.2,5.0,17.8,43,1,2019
2019-10-10,Marikina,18.9,3.4,12.0,15,0,2019
2019-10-10,Manila,17.3,3.4,25.1,5,0,2019
2019-10-10,Pasig,7.0,2.2,12.2,5,0,2019
2019-10-11,Quezon City,7.4,0.5,9.4,43,0,2019
2019-10-11,Marikina,4.5,0.5,19.6,15,0,2019
2019-10-11,Manila,13.8,0.5,20.7,5,0,2019
2019-10-11,Pasig,31.2,3.9,23.9,5,1,2019
2019-10-12,Quezon City,16.2,2.8,8.2,43,0,2019
2019-10-12,Marikina,2.7,0.7,6.4,15,0,2019
2019-10-12,Manila,18.9,0.9,31.0,5,0,2019
2019-10-12,Pasig,1.2,0.5,19.6,5,0,2019
2019-10-13,Quezon City,8.8,2.0,11.7,43,0,2019
2019-10-13,Marikina,2.5,0.5,16.8,15,0,2019
2019-10-13,Manila,4.6,0.5,13.6,5,0,2019
2019-10-13,Pasig,4.9,0.5,14.8,5,0,2019
2019-10-14,Quezon City,16.9,1.6,17.5,43,0,2019
2019-10-14,Marikina,2.5,2.1,17.5,15,0,2019
2019-10-14,Manila,12.8,0.7,13.5,5,0,2019
2019-10-14,Pasig,9.9,2.0,10.1,5,0,2019
2019-10-15,Quezon City,15.2,3.1,17.7,43,0,2019
2019-10-15,Marikina,2.3,0.5,5.6,15,0,2019
2019-10-15,Manila,22.0,1.6,19.2,5,0,2019
2019-10-15,Pasig,5.4,1.1,11.3,5,0,2019
2019-10-16,Quezon City,8.1,2.6,10.1,43,0,2019
2019-10-16,Marikina,3.8,0.5,17.9,15,0,2019
2019-10-16,Manila,2.2,0.7,16.8,5,0,2019
2019-10-16,Pasig,21.4,3.0,23.5,5,0,2019
2019-10-17,Quezon City,9.3,0.5,10.9,43,0,2019
2019-10-17,Marikina,5.7,1.7,21.4,15,0,2019
2019-10-17,Manila,24.3,2.1,27.8,5,0,2019
2019-10-17,Pasig,5.5,1.3,6.9,5,0,2019
2019-10-18,Quezon City,14.9,2.4,29.3,43,0,2019
2019-10-18,Marikina,7.8,0.9,12.1,15,0,2019
2019-10-18,Manila,4.8,0.5,18.4,5,0,2019
2019-10-18,Pasig,12.2,0.5,6.8,5,0,2019
2019-10-19,Quezon City,1.3,0.5,15.3,43,0,2019
2019-10-19,Marikina,9.6,3.0,18.7,15,0,2019
2019-10-19,Manila,10.1,1.6,22.3,5,0,2019
2019-10-19,Pasig,13.8,0.6,13.9,5,0,2019
2019-10-20,Quezon City,8.8,0.5,5.0,43,0,2019
2019-10-20,Marikina,5.9,1.0,16.8,15,0,2019
2019-10-20,Manila,8.7,1.1,12.4,5,0,2019
2019-10-20,Pasig,5.5,1.9,12.2,5,0,2019
2019-10-21,Quezon City,7.2,1.0,14.6,43,0,2019
2019-10-21,Marikina,6.1,0.5,14.9,15,0,2019
2019-10-21,Manila,12.6,1.9,25.3,5,0,2019
2019-10-21,Pasig,5.1,2.4,10.4,5,0,2019
2019-10-22,Quezon City,3.2,0.5,12.5,43,0,2019
2019-10-22,Marikina,4.8,0.8,11.3,15,0,2019
2019-10-22,Manila,19.2,3.6,16.1,5,0,2019
2019-10-22,Pasig,14.2,2.5,22.3,5,0,2019
2019-10-23,Quezon City,7.8,0.9,15.3,43,0,2019
2019-10-23,Marikina,5.9,1.6,15.0,15,0,2019
2019-10-23,Manila,11.1,1.5,20.0,5,0,2019
2019-10-23,Pasig,13.4,0.5,15.5,5,0,2019
2019-10-24,Quezon City,6.1,0.5,15.9,43,0,2019
2019-10-24,Marikina,12.5,1.4,17.3,15,0,2019
2019-10-24,Manila,3.5,2.8,14.6,5,0,2019
2019-10-24,Pasig,6.5,0.5,20.8,5,0,2019
2019-10-25,Quezon City,6.9,0.5,18.8,43,0,2019
2019-10-25,Marikina,2.6,0.6,16.6,15,0,2019
2019-10-25,Manila,7.3,0.7,10.4,5,0,2019
2019-10-25,Pasig,3.5,0.5,8.3,5,0,2019
2019-10-26,Quezon City,9.6,1.9,7.5,43,0,2019
2019-10-26,Marikina,14.9,1.0,24.2,15,0,2019
2019-10-26,Manila,9.7,0.5,19.0,5,0,2019
2019-10-26,Pasig,7.3,0.5,8.3,5,0,2019
2019-10-27,Quezon City,3.7,1.1,5.0,43,0,2019
2019-10-27,Marikina,0.8,0.5,16.5,15,0,2019
2019-10-27,Manila,26.1,2.4,22.7,5,0,2019
2019-10-27,Pasig,20.6,2.7,14.7,5,0,2019
2019-10-28,Quezon City,22.7,4.3,14.3,43,0,2019
2019-10-28,Marikina,2.5,0.9,9.4,15,0,2019
2019-10-28,Manila,4.6,0.5,12.4,5,0,2019
2019-10-28,Pasig,10.5,1.4,17.5,5,0,2019
2019-10-29,Quezon City,5.4,0.5,14.4,43,0,2019
2019-10-29,Marikina,5.3,0.5,9.1,15,0,2019
2019-10-29,Manila,3.7,1.2,8.1,5,0,2019
2019-10-29,Pasig,28.8,3.6,30.6,5,0,2019
2019-10-30,Quezon City,13.7,1.2,17.3,43,0,2019
2019-10-30,Marikina,13.5,2.5,15.1,15,0,2019
2019-10-30,Manila,5.7,0.5,8.1,5,0,2019
2019-10-30,Pasig,1.7,0.5,14.1,5,0,2019
2019-10-31,Quezon City,17.9,1.3,22.1,43,0,2019
2019-10-31,Marikina,14.0,1.9,18.1,15,0,2019
2019-10-31,Manila,6.1,0.5,23.1,5,0,2019
2019-10-31,Pasig,9.3,0.5,24.2,5,0,2019
2019-11-01,Quezon City,11.3,1.3,16.3,43,0,2019
2019-11-01,Marikina,16.6,3.1,9.1,15,0,2019
2019-11-01,Manila,9.7,2.6,21.9,5,0,2019
2019-11-01,Pasig,3.3,0.5,15.6,5,0,2019
2019-11-02,Quezon City,17.6,1.8,11.6,43,0,2019
2019-11-02,Marikina,9.9,0.9,16.8,15,0,2019
2019-11-02,Manila,8.9,1.0,11.2,5,0,2019
2019-11-02,Pasig,1.4,1.1,12.3,5,0,2019
2019-11-03,Quezon City,7.6,0.6,16.6,43,0,2019
2019-11-03,Marikina,10.8,0.6,8.7,15,0,2019
2019-11-03,Manila,10.7,2.7,11.5,5,0,2019
2019-11-03,Pasig,9.3,2.5,13.2,5,0,2019
2019-11-04,Quezon City,13.0,0.9,16.3,43,0,2019
2019-11-04,Marikina,5.5,0.5,14.9,15,0,2019
2019-11-04,Manila,18.8,1.9,31.2,5,0,2019
2019-11-04,Pasig,6.0,0.5,12.7,5,0,2019
2019-11-05,Quezon City,1.7,0.5,10.4,43,0,2019
2019-11-05,Marikina,7.0,0.6,8.1,15,0,2019
2019-11-05,Manila,7.3,0.5,14.1,5,0,2019
2019-11-05,Pasig,3.2,0.9,5.0,5,0,2019
2019-11-06,Quezon City,21.8,1.0,22.6,43,0,2019
2019-11-06,Marikina,4.6,1.1,17.5,15,0,2019
2019-11-06,Manila,3.2,0.5,10.7,5,0,2019
2019-11-06,Pasig,14.2,0.9,16.3,5,0,2019
2019-11-07,Quezon City,20.5,2.1,17.4,43,0,2019
2019-11-07,Marikina,16.2,2.9,19.3,15,0,2019
2019-11-07,Manila,9.8,1.9,10.1,5,0,2019
2019-11-07,Pasig,17.3,2.0,23.8,5,0,2019
2019-11-08,Quezon City,4.1,0.5,14.9,43,0,2019
2019-11-08,Marikina,12.5,1.5,20.8,15,0,2019
2019-11-08,Manila,12.8,2.7,16.1,5,0,2019
2019-11-08,Pasig,19.5,3.3,14.6,5,0,2019
2019-11-09,Quezon City,8.3,0.9,18.4,43,0,2019
2019-11-09,Marikina,11.5,2.6,12.2,15,0,2019
2019-11-09,Manila,7.9,0.5,13.7,5,0,2019
2019-11-09,Pasig,9.7,0.5,18.4,5,0,2019
2019-11-10,Quezon City,5.3,0.8,5.0,43,0,2019
2019-11-10,Marikina,26.4,3.1,25.0,15,0,2019
2019-11-10,Manila,4.7,2.0,6.2,5,0,2019
2019-11-10,Pasig,9.8,2.4,23.7,5,0,2019
2019-11-11,Quezon City,14.3,1.7,11.8,43,0,2019
2019-11-11,Marikina,5.9,0.5,12.5,15,0,2019
2019-11-11,Manila,4.6,0.5,17.8,5,0,2019
2019-11-11,Pasig,9.2,1.9,25.3,5,0,2019
2019-11-12,Quezon City,22.3,0.7,19.1,43,0,2019
2019-11-12,Marikina,7.4,0.5,15.5,15,0,2019
2019-11-12,Manila,1.5,1.2,23.7,5,0,2019
2019-11-12,Pasig,8.3,0.5,7.6,5,0,2019
2019-11-13,Quezon City,11.1,0.5,19.7,43,0,2019
2019-11-13,Marikina,9.1,1.0,12.1,15,0,2019
2019-11-13,Manila,22.4,2.7,11.5,5,0,2019
2019-11-13,Pasig,38.7,5.1,36.2,5,1,2019
2019-11-14,Quezon City,21.4,1.6,19.4,43,0,2019
2019-11-14,Marikina,3.7,0.5,13.7,15,0,2019
2019-11-14,Manila,5.7,1.8,16.1,5,0,2019
2019-11-14,Pasig,11.2,0.5,19.1,5,0,2019
2019-11-15,Quezon City,24.8,2.3,21.6,43,0,2019
2019-11-15,Marikina,16.1,2.1,15.4,15,0,2019
2019-11-15,Manila,5.3,0.7,5.0,5,0,2019
2019-11-15,Pasig,6.0,1.7,17.1,5,0,2019
2019-11-16,Quezon City,3.4,0.5,11.2,43,0,2019
2019-11-16,Marikina,19.5,2.3,25.5,15,0,2019
2019-11-16,Manila,2.3,1.9,7.9,5,0,2019
2019-11-16,Pasig,12.9,2.4,12.7,5,0,2019
2019-11-17,Quezon City,1.9,1.5,22.2,43,0,2019
2019-11-17,Marikina,9.2,2.0,21.7,15,0,2019
2019-11-17,Manila,8.6,0.5,11.3,5,0,2019
2019-11-17,Pasig,6.3,0.5,19.3,5,0,2019
2019-11-18,Quezon City,14.0,0.5,18.0,43,0,2019
2019-11-18,Marikina,9.0,0.5,9.6,15,0,2019
2019-11-18,Manila,2.6,0.5,5.0,5,0,2019
2019-11-18,Pasig,1.5,0.8,5.0,5,0,2019
2019-11-19,Quezon City,2.8,0.8,12.0,43,0,2019
2019-11-19,Marikina,3.3,0.8,21.6,15,0,2019
2019-11-19,Manila,2.4,0.5,15.4,5,0,2019
2019-11-19,Pasig,2.7,1.3,5.0,5,0,2019
2019-11-20,Quezon City,16.4,1.7,15.7,43,0,2019
2019-11-20,Marikina,3.3,2.1,5.1,15,0,2019
2019-11-20,Manila,11.9,0.5,19.7,5,0,2019
2019-11-20,Pasig,10.4,2.9,12.7,5,0,2019
2019-11-21,Quezon City,5.0,0.5,15.3,43,0,2019
2019-11-21,Marikina,6.2,3.0,18.4,15,0,2019
2019-11-21,Manila,10.9,2.1,15.8,5,0,2019
2019-11-21,Pasig,26.7,2.3,21.1,5,0,2019
2019-11-22,Quezon City,8.5,1.4,11.2,43,0,2019
2019-11-22,Marikina,7.2,1.3,15.9,15,0,2019
2019-11-22,Manila,14.2,0.5,14.3,5,0,2019
2019-11-22,Pasig,20.5,2.0,24.2,5,0,2019
2019-11-23,Quezon City,11.9,1.5,18.6,43,0,2019
2019-11-23,Marikina,9.1,1.4,10.1,15,0,2019
2019-11-23,Manila,1.6,1.4,9.9,5,0,2019
2019-11-23,Pasig,4.0,0.5,17.3,5,0,2019
2019-11-24,Quezon City,3.0,0.5,16.1,43,0,2019
2019-11-24,Marikina,5.0,0.5,13.5,15,0,2019
2019-11-24,Manila,13.7,0.9,13.4,5,0,2019
2019-11-24,Pasig,12.0,1.4,5.0,5,0,2019
2019-11-25,Quezon City,9.5,0.5,21.5,43,0,2019
2019-11-25,Marikina,4.7,0.5,10.6,15,0,2019
2019-11-25,Manila,7.5,2.5,14.2,5,0,2019
2019-11-25,Pasig,7.7,0.5,10.1,5,0,2019
2019-11-26,Quezon City,5.5,1.2,5.0,43,0,2019
2019-11-26,Marikina,3.8,1.1,19.2,15,0,2019
2019-11-26,Manila,2.6,0.5,7.0,5,0,2019
2019-11-26,Pasig,13.0,2.2,11.4,5,0,2019
2019-11-27,Quezon City,20.3,0.8,11.1,43,0,2019
2019-11-27,Marikina,2.3,1.0,9.3,15,0,2019
2019-11-27,Manila,8.4,0.5,9.2,5,0,2019
2019-11-27,Pasig,18.5,0.5,14.6,5,0,2019
2019-11-28,Quezon City,15.2,1.6,16.4,43,0,2019
2019-11-28,Marikina,4.8,0.5,22.3,15,0,2019
2019-11-28,Manila,11.3,1.1,8.8,5,0,2019
2019-11-28,Pasig,11.5,2.4,25.0,5,0,2019
2019-11-29,Quezon City,21.2,0.5,25.7,43,0,2019
2019-11-29,Marikina,8.8,0.5,9.3,15,0,2019
2019-11-29,Manila,4.5,0.5,11.4,5,0,2019
2019-11-29,Pasig,3.0,0.5,8.8,5,0,2019
2019-11-30,Quezon City,11.0,2.3,9.6,43,0,2019
2019-11-30,Marikina,0.8,0.5,19.3,15,0,2019
2019-11-30,Manila,15.2,1.2,15.4,5,0,2019
2019-11-30,Pasig,9.7,0.9,15.8,5,0,2019
2019-12-01,Quezon City,8.1,0.7,25.2,43,0,2019
2019-12-01,Marikina,1.3,0.9,5.6,15,0,2019
2019-12-01,Manila,16.9,1.1,19.3,5,0,2019
2019-12-01,Pasig,13.0,0.9,11.0,5,0,2019
2019-12-02,Quezon City,10.4,0.5,21.5,43,0,2019
2019-12-02,Marikina,27.2,3.5,24.5,15,0,2019
2019-12-02,Manila,23.0,3.2,23.3,5,0,2019
2019-12-02,Pasig,9.7,0.5,16.3,5,0,2019
2019-12-03,Quezon City,10.6,1.6,16.8,43,0,2019
2019-12-03,Marikina,15.2,2.1,14.2,15,0,2019
2019-12-03,Manila,5.2,0.5,5.6,5,0,2019
2019-12-03,Pasig,5.5,0.5,12.6,5,0,2019
2019-12-04,Quezon City,12.1,2.8,18.0,43,0,2019
2019-12-04,Marikina,5.1,0.5,13.3,15,0,2019
2019-12-04,Manila,18.0,2.0,21.8,5,0,2019
2019-12-04,Pasig,7.3,1.4,16.6,5,0,2019
2019-12-05,Quezon City,5.8,0.5,11.9,43,0,2019
2019-12-05,Marikina,6.4,0.5,19.6,15,0,2019
2019-12-05,Manila,10.2,2.4,13.4,5,0,2019
2019-12-05,Pasig,3.6,0.5,14.1,5,0,2019
2019-12-06,Quezon City,15.7,2.7,24.7,43,0,2019
2019-12-06,Marikina,13.8,1.6,17.9,15,0,2019
2019-12-06,Manila,13.4,1.7,25.4,5,0,2019
2019-12-06,Pasig,6.0,2.6,7.5,5,0,2019
2019-12-07,Quezon City,5.6,0.6,5.0,43,0,2019
2019-12-07,Marikina,3.4,0.5,5.3,15,0,2019
2019-12-07,Manila,1.9,0.5,12.5,5,0,2019
2019-12-07,Pasig,3.2,0.5,9.1,5,0,2019
2019-12-08,Quezon City,27.2,2.5,23.6,43,0,2019
2019-12-08,Marikina,5.6,0.5,11.4,15,0,2019
2019-12-08,Manila,16.1,3.2,11.0,5,0,2019
2019-12-08,Pasig,6.5,0.6,13.0,5,0,2019
2019-12-09,Quezon City,12.1,0.7,6.8,43,0,2019
2019-12-09,Marikina,19.3,2.4,25.3,15,0,2019
2019-12-09,Manila,11.8,0.6,24.0,5,0,2019
2019-12-09,Pasig,11.1,1.6,19.8,5,0,2019
2019-12-10,Quezon City,10.4,0.5,14.9,43,0,2019
2019-12-10,Marikina,2.6,0.5,10.1,15,0,2019
2019-12-10,Manila,8.9,1.8,7.6,5,0,2019
2019-12-10,Pasig,5.1,0.5,12.9,5,0,2019
2019-12-11,Quezon City,4.5,0.5,9.5,43,0,2019
2019-12-11,Marikina,23.1,2.7,22.8,15,0,2019
2019-12-11,Manila,8.2,1.1,5.2,5,0,2019
2019-12-11,Pasig,0.8,0.5,13.6,5,0,2019
2019-12-12,Quezon City,13.5,0.5,8.3,43,0,2019
2019-12-12,Marikina,6.3,0.6,11.7,15,0,2019
2019-12-12,Manila,8.1,0.5,11.7,5,0,2019
2019-12-12,Pasig,23.5,3.0,21.9,5,0,2019
2019-12-13,Quezon City,13.6,1.9,20.7,43,0,2019
2019-12-13,Marikina,5.5,0.5,5.0,15,0,2019
2019-12-13,Manila,9.2,0.5,17.0,5,0,2019
2019-12-13,Pasig,16.5,3.2,29.5,5,0,2019
2019-12-14,Quezon City,7.3,1.4,20.1,43,0,2019
2019-12-14,Marikina,1.3,0.5,15.7,15,0,2019
2019-12-14,Manila,13.0,0.5,13.7,5,0,2019
2019-12-14,Pasig,15.5,2.9,12.7,5,0,2019
2019-12-15,Quezon City,4.8,0.5,10.0,43,0,2019
2019-12-15,Marikina,19.0,1.5,24.8,15,0,2019
2019-12-15,Manila,13.2,1.5,18.1,5,0,2019
2019-12-15,Pasig,4.7,0.5,5.0,5,0,2019
2019-12-16,Quezon City,4.9,1.2,16.1,43,0,2019
2019-12-16,Marikina,6.9,2.2,13.0,15,0,2019
2019-12-16,Manila,23.3,3.0,15.1,5,0,2019
2019-12-16,Pasig,8.1,2.4,10.6,5,0,2019
2019-12-17,Quezon City,16.4,0.8,24.2,43,0,2019
2019-12-17,Marikina,5.0,1.3,7.9,15,0,2019
2019-12-17,Manila,1.6,0.5,10.0,5,0,2019
2019-12-17,Pasig,18.9,3.1,14.5,5,0,2019
2019-12-18,Quezon City,9.2,1.0,9.4,43,0,2019
2019-12-18,Marikina,3.6,1.2,7.2,15,0,2019
2019-12-18,Manila,23.7,2.2,21.8,5,0,2019
2019-12-18,Pasig,5.5,1.4,5.8,5,0,2019
2019-12-19,Quezon City,2.9,0.8,14.5,43,0,2019
2019-12-19,Marikina,15.7,1.2,20.0,15,0,2019
2019-12-19,Manila,1.4,0.5,12.4,5,0,2019
2019-12-19,Pasig,17.9,2.5,7.5,5,0,2019
2019-12-20,Quezon City,5.6,0.5,14.2,43,0,2019
2019-12-20,Marikina,2.3,0.5,17.1,15,0,2019
2019-12-20,Manila,8.9,1.1,17.6,5,0,2019
2019-12-20,Pasig,7.6,2.6,9.7,5,0,2019
2019-12-21,Quezon City,11.8,0.5,19.8,43,0,2019
2019-12-21,Marikina,28.3,3.0,22.9,15,0,2019
2019-12-21,Manila,0.8,0.5,11.0,5,0,2019
2019-12-21,Pasig,8.3,0.5,16.3,5,0,2019
2019-12-22,Quezon City,6.1,0.6,11.8,43,0,2019
2019-12-22,Marikina,6.1,0.5,15.8,15,0,2019
2019-12-22,Manila,6.0,0.5,13.4,5,0,2019
2019-12-22,Pasig,1.2,1.9,10.0,5,0,2019
2019-12-23,Quezon City,3.7,1.8,15.8,43,0,2019
2019-12-23,Marikina,8.3,0.5,18.0,15,0,2019
2019-12-23,Manila,10.8,0.5,10.2,5,0,2019
2019-12-23,Pasig,5.9,1.1,17.6,5,0,2019
2019-12-24,Quezon City,4.7,1.3,9.5,43,0,2019
2019-12-24,Marikina,7.1,0.5,12.2,15,0,2019
2019-12-24,Manila,20.8,4.6,18.1,5,0,2019
2019-12-24,Pasig,11.1,1.1,16.8,5,0,2019
2019-12-25,Quezon City,8.6,3.2,9.9,43,0,2019
2019-12-25,Marikina,19.5,3.0,18.1,15,0,2019
2019-12-25,Manila,6.6,1.4,13.3,5,0,2019
2019-12-25,Pasig,5.1,0.5,12.3,5,0,2019
2019-12-26,Quezon City,1.9,0.5,11.2,43,0,2019
2019-12-26,Marikina,3.1,0.5,10.8,15,0,2019
2019-12-26,Manila,3.3,2.1,7.7,5,0,2019
2019-12-26,Pasig,18.8,1.2,14.8,5,0,2019
2019-12-27,Quezon City,0.9,0.5,21.1,43,0,2019
2019-12-27,Marikina,9.0,0.5,15.9,15,0,2019
2019-12-27,Manila,16.1,0.5,16.3,5,0,2019
2019-12-27,Pasig,12.9,0.5,27.5,5,0,2019
2019-12-28,Quezon City,7.5,0.5,14.2,43,0,2019
2019-12-28,Marikina,5.3,0.5,5.0,15,0,2019
2019-12-28,Manila,7.1,0.5,16.7,5,0,2019
2019-12-28,Pasig,6.2,1.5,5.0,5,0,2019
2019-12-29,Quezon City,11.8,0.5,19.8,43,0,2019
2019-12-29,Marikina,12.2,1.5,10.4,15,0,2019
2019-12-29,Manila,34.9,5.5,23.8,5,1,2019
2019-12-29,Pasig,4.9,0.5,6.5,5,0,2019
2019-12-30,Quezon City,10.4,0.5,19.8,43,0,2019
2019-12-30,Marikina,16.2,0.5,13.5,15,0,2019
2019-12-30,Manila,10.5,0.7,10.1,5,0,2019
2019-12-30,Pasig,19.5,0.8,14.2,5,0,2019
2019-12-31,Quezon City,4.5,1.4,11.2,43,0,2019
2019-12-31,Marikina,23.3,1.9,30.2,15,0,2019
2019-12-31,Manila,22.9,2.4,13.2,5,0,2019
2019-12-31,Pasig,22.0,1.6,24.3,5,0,2019
